{
  "type": "FeatureCollection",
 
  "features": [
    {
      "type": "Feature",
      "properties": {
        "@id": "way/612265000",
        "highway": "raceway",
        "oneway": "yes",
        "sport": "motor",
        "@relations": [
          {
            "role": "",
            "rel": 8487163,
            "reltags": {
              "highway": "raceway",
              "importance": "international",
              "name": "Autodromo Internazionale Mugello",
              "name:en": "Mugello Circuit",
              "name:it": "Autodromo Internazionale Mugello",
              "oneway": "yes",
              "sport": "motor",
              "surface": "asphalt",
              "type": "circuit",
              "wikidata": "Q782455",
              "wikimedia_commons": "Category:Autodromo Internazionale del Mugello",
              "wikipedia": "it:Autodromo internazionale del Mugello"
            }
          }
        ]
      },
      "geometry": {
        "type": "LineString",
        "coordinates": [
          [
            11.3686435,
            43.9931246
          ],
          [
            11.3686647,
            43.9931573
          ],
          [
            11.3686865,
            43.9931909
          ],
          [
            11.3687054,
            43.99322
          ],
          [
            11.3687225,
            43.9932463
          ],
          [
            11.3687416,
            43.9932757
          ],
          [
            11.368759,
            43.9933026
          ],
          [
            11.3687749,
            43.993327
          ],
          [
            11.3687967,
            43.9933606
          ],
          [
            11.3688164,
            43.9933909
          ],
          [
            11.3688371,
            43.9934227
          ],
          [
            11.368855,
            43.9934503
          ],
          [
            11.3688736,
            43.993479
          ],
          [
            11.3688927,
            43.9935083
          ],
          [
            11.3689074,
            43.993531
          ],
          [
            11.368926,
            43.9935596
          ],
          [
            11.3689402,
            43.9935815
          ],
          [
            11.3689601,
            43.9936121
          ],
          [
            11.3689801,
            43.9936429
          ],
          [
            11.3690013,
            43.9936756
          ],
          [
            11.3690373,
            43.993731
          ],
          [
            11.369053,
            43.9937553
          ],
          [
            11.3690741,
            43.9937877
          ],
          [
            11.3690927,
            43.9938163
          ],
          [
            11.3691094,
            43.993842
          ],
          [
            11.3691278,
            43.9938703
          ],
          [
            11.3691478,
            43.9939011
          ],
          [
            11.369163,
            43.9939246
          ],
          [
            11.3691854,
            43.993959
          ],
          [
            11.3692043,
            43.9939908
          ],
          [
            11.3692178,
            43.9940134
          ],
          [
            11.3692331,
            43.9940392
          ],
          [
            11.3692504,
            43.9940682
          ],
          [
            11.3692662,
            43.9940947
          ],
          [
            11.3692893,
            43.9941334
          ],
          [
            11.3693075,
            43.9941627
          ],
          [
            11.369328,
            43.9941957
          ],
          [
            11.3693518,
            43.994234
          ],
          [
            11.3693711,
            43.994265
          ],
          [
            11.3693956,
            43.9943044
          ],
          [
            11.3694168,
            43.9943386
          ],
          [
            11.3694669,
            43.9944191
          ],
          [
            11.3694863,
            43.9944504
          ],
          [
            11.3695074,
            43.9944843
          ],
          [
            11.3695329,
            43.9945254
          ],
          [
            11.3695537,
            43.9945589
          ],
          [
            11.3695701,
            43.9945852
          ],
          [
            11.3695955,
            43.9946261
          ],
          [
            11.3696099,
            43.9946493
          ],
          [
            11.3696276,
            43.9946777
          ]
        ]
      },
      "id": "way/612265000"
    },
    {
      "type": "Feature",
      "properties": {
        "@id": "way/612265001",
        "highway": "raceway",
        "oneway": "yes",
        "sport": "motor",
        "@relations": [
          {
            "role": "",
            "rel": 8487163,
            "reltags": {
              "highway": "raceway",
              "importance": "international",
              "name": "Autodromo Internazionale Mugello",
              "name:en": "Mugello Circuit",
              "name:it": "Autodromo Internazionale Mugello",
              "oneway": "yes",
              "sport": "motor",
              "surface": "asphalt",
              "type": "circuit",
              "wikidata": "Q782455",
              "wikimedia_commons": "Category:Autodromo Internazionale del Mugello",
              "wikipedia": "it:Autodromo internazionale del Mugello"
            }
          }
        ]
      },
      "geometry": {
        "type": "LineString",
        "coordinates": [
          [
            11.3672577,
            43.9916963
          ],
          [
            11.367207,
            43.9917126
          ],
          [
            11.3671489,
            43.9917334
          ],
          [
            11.3670941,
            43.9917523
          ],
          [
            11.3670371,
            43.9917747
          ],
          [
            11.3669823,
            43.9917953
          ],
          [
            11.3669341,
            43.9918125
          ],
          [
            11.3668867,
            43.9918296
          ],
          [
            11.3668179,
            43.991854
          ],
          [
            11.3667525,
            43.9918805
          ],
          [
            11.3666893,
            43.9919019
          ],
          [
            11.3666309,
            43.991925
          ],
          [
            11.3665836,
            43.9919439
          ],
          [
            11.3665334,
            43.991965
          ],
          [
            11.3664713,
            43.9919864
          ]
        ]
      },
      "id": "way/612265001"
    },
    {
      "type": "Feature",
      "properties": {
        "@id": "way/612265004",
        "highway": "raceway",
        "name": "Carva dell'Arrabbiata 1",
        "oneway": "yes",
        "ref": "8",
        "short_name": "Arrabbiata 1",
        "sport": "motor",
        "@relations": [
          {
            "role": "",
            "rel": 8487163,
            "reltags": {
              "highway": "raceway",
              "importance": "international",
              "name": "Autodromo Internazionale Mugello",
              "name:en": "Mugello Circuit",
              "name:it": "Autodromo Internazionale Mugello",
              "oneway": "yes",
              "sport": "motor",
              "surface": "asphalt",
              "type": "circuit",
              "wikidata": "Q782455",
              "wikimedia_commons": "Category:Autodromo Internazionale del Mugello",
              "wikipedia": "it:Autodromo internazionale del Mugello"
            }
          }
        ]
      },
      "geometry": {
        "type": "LineString",
        "coordinates": [
          [
            11.3694208,
            43.9921598
          ],
          [
            11.3694023,
            43.9921253
          ],
          [
            11.3693798,
            43.9920915
          ],
          [
            11.3693502,
            43.9920506
          ],
          [
            11.3693252,
            43.9920191
          ],
          [
            11.3692971,
            43.9919885
          ],
          [
            11.3692687,
            43.99196
          ],
          [
            11.3692403,
            43.9919296
          ],
          [
            11.3692091,
            43.9918998
          ],
          [
            11.3691731,
            43.9918701
          ],
          [
            11.3691386,
            43.9918437
          ],
          [
            11.3691071,
            43.9918194
          ],
          [
            11.369064,
            43.9917887
          ],
          [
            11.3690196,
            43.9917613
          ],
          [
            11.3689809,
            43.9917396
          ],
          [
            11.3689269,
            43.9917132
          ],
          [
            11.368884,
            43.9916941
          ],
          [
            11.3688424,
            43.9916764
          ],
          [
            11.3687935,
            43.9916583
          ],
          [
            11.3687496,
            43.9916415
          ],
          [
            11.368703,
            43.991623
          ],
          [
            11.3686508,
            43.9916056
          ],
          [
            11.3685989,
            43.9915914
          ],
          [
            11.368547,
            43.9915787
          ],
          [
            11.3684951,
            43.9915658
          ],
          [
            11.3684446,
            43.991556
          ],
          [
            11.3683936,
            43.9915488
          ],
          [
            11.3683332,
            43.9915435
          ],
          [
            11.3682811,
            43.9915406
          ],
          [
            11.3682265,
            43.9915378
          ],
          [
            11.3681709,
            43.9915378
          ],
          [
            11.3681149,
            43.9915389
          ],
          [
            11.3680621,
            43.9915406
          ],
          [
            11.3680077,
            43.991544
          ],
          [
            11.3679535,
            43.9915479
          ],
          [
            11.3679015,
            43.991553
          ],
          [
            11.3678471,
            43.9915582
          ],
          [
            11.3677944,
            43.9915656
          ],
          [
            11.3677432,
            43.9915746
          ],
          [
            11.3676886,
            43.991586
          ],
          [
            11.3675402,
            43.9916193
          ],
          [
            11.3674637,
            43.9916376
          ],
          [
            11.3673992,
            43.9916553
          ],
          [
            11.3673284,
            43.9916738
          ],
          [
            11.3672577,
            43.9916963
          ]
        ]
      },
      "id": "way/612265004"
    },
    {
      "type": "Feature",
      "properties": {
        "@id": "way/612265008",
        "highway": "raceway",
        "oneway": "yes",
        "sport": "motor",
        "@relations": [
          {
            "role": "",
            "rel": 8487163,
            "reltags": {
              "highway": "raceway",
              "importance": "international",
              "name": "Autodromo Internazionale Mugello",
              "name:en": "Mugello Circuit",
              "name:it": "Autodromo Internazionale Mugello",
              "oneway": "yes",
              "sport": "motor",
              "surface": "asphalt",
              "type": "circuit",
              "wikidata": "Q782455",
              "wikimedia_commons": "Category:Autodromo Internazionale del Mugello",
              "wikipedia": "it:Autodromo internazionale del Mugello"
            }
          }
        ]
      },
      "geometry": {
        "type": "LineString",
        "coordinates": [
          [
            11.3670786,
            43.9957348
          ],
          [
            11.3671093,
            43.9957349
          ],
          [
            11.3671465,
            43.995735
          ],
          [
            11.3671784,
            43.9957352
          ],
          [
            11.3672133,
            43.9957353
          ],
          [
            11.3672451,
            43.9957354
          ],
          [
            11.3672816,
            43.9957356
          ],
          [
            11.3673142,
            43.9957357
          ],
          [
            11.3673491,
            43.9957358
          ],
          [
            11.367384,
            43.995736
          ],
          [
            11.367412,
            43.9957361
          ],
          [
            11.3674431,
            43.9957362
          ],
          [
            11.367478,
            43.9957364
          ],
          [
            11.3675129,
            43.9957365
          ],
          [
            11.367544,
            43.9957366
          ],
          [
            11.3675782,
            43.9957368
          ],
          [
            11.3676146,
            43.9957369
          ],
          [
            11.3676569,
            43.9957371
          ]
        ]
      },
      "id": "way/612265008"
    },
    {
      "type": "Feature",
      "properties": {
        "@id": "way/612265009",
        "highway": "raceway",
        "name": "Curva Palagio",
        "oneway": "yes",
        "ref": "11",
        "short_name": "Palagio",
        "sport": "motor",
        "@relations": [
          {
            "role": "",
            "rel": 8487163,
            "reltags": {
              "highway": "raceway",
              "importance": "international",
              "name": "Autodromo Internazionale Mugello",
              "name:en": "Mugello Circuit",
              "name:it": "Autodromo Internazionale Mugello",
              "oneway": "yes",
              "sport": "motor",
              "surface": "asphalt",
              "type": "circuit",
              "wikidata": "Q782455",
              "wikimedia_commons": "Category:Autodromo Internazionale del Mugello",
              "wikipedia": "it:Autodromo internazionale del Mugello"
            }
          }
        ]
      },
      "geometry": {
        "type": "LineString",
        "coordinates": [
          [
            11.3676569,
            43.9957371
          ],
          [
            11.3677156,
            43.9957399
          ],
          [
            11.3677624,
            43.9957453
          ],
          [
            11.3678178,
            43.9957563
          ],
          [
            11.3678618,
            43.9957689
          ],
          [
            11.367913,
            43.9957852
          ],
          [
            11.3679613,
            43.9958013
          ],
          [
            11.3680057,
            43.9958189
          ],
          [
            11.3680433,
            43.9958374
          ],
          [
            11.3680908,
            43.9958638
          ],
          [
            11.3681392,
            43.9958962
          ],
          [
            11.3681739,
            43.995922
          ],
          [
            11.3682073,
            43.9959484
          ],
          [
            11.368233,
            43.9959715
          ],
          [
            11.3682605,
            43.9960012
          ],
          [
            11.3682846,
            43.9960311
          ],
          [
            11.3683059,
            43.9960617
          ],
          [
            11.3683216,
            43.9960878
          ],
          [
            11.3683406,
            43.9961188
          ],
          [
            11.3683592,
            43.996152
          ],
          [
            11.3683772,
            43.9961896
          ]
        ]
      },
      "id": "way/612265009"
    },
    {
      "type": "Feature",
      "properties": {
        "@id": "way/612265010",
        "highway": "raceway",
        "name": "Curva Scarperia",
        "oneway": "yes",
        "ref": "10",
        "short_name": "Scarperia",
        "sport": "motor",
        "@relations": [
          {
            "role": "",
            "rel": 8487163,
            "reltags": {
              "highway": "raceway",
              "importance": "international",
              "name": "Autodromo Internazionale Mugello",
              "name:en": "Mugello Circuit",
              "name:it": "Autodromo Internazionale Mugello",
              "oneway": "yes",
              "sport": "motor",
              "surface": "asphalt",
              "type": "circuit",
              "wikidata": "Q782455",
              "wikimedia_commons": "Category:Autodromo Internazionale del Mugello",
              "wikipedia": "it:Autodromo internazionale del Mugello"
            }
          }
        ]
      },
      "geometry": {
        "type": "LineString",
        "coordinates": [
          [
            11.3663578,
            43.9953735
          ],
          [
            11.3663624,
            43.995391
          ],
          [
            11.3663714,
            43.995414
          ],
          [
            11.3663808,
            43.9954374
          ],
          [
            11.3663937,
            43.9954601
          ],
          [
            11.3664078,
            43.9954825
          ],
          [
            11.3664349,
            43.9955154
          ],
          [
            11.3664646,
            43.9955491
          ],
          [
            11.3665098,
            43.9955829
          ],
          [
            11.3665589,
            43.995614
          ],
          [
            11.3666156,
            43.9956462
          ],
          [
            11.3666536,
            43.995666
          ],
          [
            11.3666928,
            43.9956815
          ],
          [
            11.3667348,
            43.9956974
          ],
          [
            11.3667731,
            43.9957099
          ],
          [
            11.3668164,
            43.9957183
          ],
          [
            11.3668598,
            43.9957265
          ],
          [
            11.3668982,
            43.995731
          ],
          [
            11.3669421,
            43.9957348
          ],
          [
            11.3669833,
            43.9957348
          ],
          [
            11.3670199,
            43.9957348
          ],
          [
            11.3670786,
            43.9957348
          ]
        ]
      },
      "id": "way/612265010"
    },
    {
      "type": "Feature",
      "properties": {
        "@id": "way/612265012",
        "highway": "raceway",
        "oneway": "yes",
        "sport": "motor",
        "@relations": [
          {
            "role": "",
            "rel": 8487163,
            "reltags": {
              "highway": "raceway",
              "importance": "international",
              "name": "Autodromo Internazionale Mugello",
              "name:en": "Mugello Circuit",
              "name:it": "Autodromo Internazionale Mugello",
              "oneway": "yes",
              "sport": "motor",
              "surface": "asphalt",
              "type": "circuit",
              "wikidata": "Q782455",
              "wikimedia_commons": "Category:Autodromo Internazionale del Mugello",
              "wikipedia": "it:Autodromo internazionale del Mugello"
            }
          }
        ]
      },
      "geometry": {
        "type": "LineString",
        "coordinates": [
          [
            11.3657724,
            43.9932341
          ],
          [
            11.3657768,
            43.9932495
          ],
          [
            11.3657809,
            43.9932641
          ],
          [
            11.3657854,
            43.9932798
          ],
          [
            11.3657897,
            43.9932953
          ],
          [
            11.3657942,
            43.9933111
          ],
          [
            11.3657996,
            43.9933301
          ],
          [
            11.3658042,
            43.9933462
          ],
          [
            11.3658086,
            43.9933617
          ],
          [
            11.3658128,
            43.9933765
          ],
          [
            11.3658178,
            43.9933941
          ],
          [
            11.3658215,
            43.9934072
          ],
          [
            11.3658273,
            43.9934277
          ],
          [
            11.3658309,
            43.9934403
          ],
          [
            11.3658357,
            43.9934574
          ],
          [
            11.3658404,
            43.9934739
          ],
          [
            11.3658451,
            43.9934906
          ],
          [
            11.3658502,
            43.9935084
          ],
          [
            11.365854,
            43.993522
          ],
          [
            11.3658597,
            43.9935418
          ],
          [
            11.3658644,
            43.9935586
          ],
          [
            11.3658689,
            43.9935745
          ],
          [
            11.3658735,
            43.9935907
          ],
          [
            11.3658786,
            43.9936085
          ],
          [
            11.3658836,
            43.993626
          ],
          [
            11.3658878,
            43.9936409
          ],
          [
            11.3658925,
            43.9936575
          ],
          [
            11.3658973,
            43.9936746
          ],
          [
            11.3659022,
            43.9936918
          ],
          [
            11.3659069,
            43.9937084
          ],
          [
            11.365911,
            43.9937228
          ],
          [
            11.3659161,
            43.9937408
          ],
          [
            11.3659208,
            43.9937574
          ],
          [
            11.3659254,
            43.9937736
          ],
          [
            11.3659302,
            43.9937905
          ],
          [
            11.365935,
            43.9938074
          ],
          [
            11.3659398,
            43.9938242
          ],
          [
            11.3659442,
            43.9938399
          ],
          [
            11.3659482,
            43.9938539
          ],
          [
            11.3659525,
            43.9938692
          ],
          [
            11.3659578,
            43.9938877
          ],
          [
            11.3659628,
            43.9939054
          ],
          [
            11.3659674,
            43.9939216
          ],
          [
            11.3659709,
            43.9939341
          ],
          [
            11.3659747,
            43.9939474
          ],
          [
            11.3659797,
            43.9939652
          ],
          [
            11.3659848,
            43.9939829
          ],
          [
            11.3659894,
            43.9939991
          ],
          [
            11.3659908,
            43.9940043
          ],
          [
            11.3659923,
            43.9940093
          ],
          [
            11.3659937,
            43.9940143
          ],
          [
            11.3659951,
            43.9940191
          ],
          [
            11.3659965,
            43.9940242
          ],
          [
            11.365998,
            43.9940295
          ],
          [
            11.3659994,
            43.9940344
          ],
          [
            11.3660007,
            43.994039
          ],
          [
            11.366002,
            43.9940438
          ],
          [
            11.3660032,
            43.994048
          ],
          [
            11.3660048,
            43.9940536
          ],
          [
            11.3660062,
            43.9940585
          ],
          [
            11.3660075,
            43.9940629
          ],
          [
            11.3660087,
            43.9940672
          ],
          [
            11.3660103,
            43.9940729
          ],
          [
            11.3660115,
            43.9940771
          ],
          [
            11.3660131,
            43.9940826
          ],
          [
            11.3660143,
            43.994087
          ],
          [
            11.3660156,
            43.9940917
          ],
          [
            11.3660169,
            43.994096
          ],
          [
            11.3660183,
            43.994101
          ],
          [
            11.3660197,
            43.9941062
          ],
          [
            11.3660212,
            43.9941115
          ],
          [
            11.3660225,
            43.994116
          ],
          [
            11.3660239,
            43.9941208
          ],
          [
            11.3660256,
            43.9941267
          ],
          [
            11.3660269,
            43.9941315
          ],
          [
            11.3660283,
            43.9941365
          ],
          [
            11.3660295,
            43.9941405
          ],
          [
            11.3660308,
            43.994145
          ],
          [
            11.3660323,
            43.9941504
          ],
          [
            11.3660337,
            43.9941555
          ],
          [
            11.3660351,
            43.9941602
          ],
          [
            11.3660364,
            43.9941649
          ],
          [
            11.3660377,
            43.9941697
          ],
          [
            11.3660393,
            43.994175
          ],
          [
            11.3660406,
            43.9941799
          ],
          [
            11.3660421,
            43.9941849
          ],
          [
            11.3660436,
            43.9941904
          ],
          [
            11.366045,
            43.9941951
          ],
          [
            11.366046,
            43.9941989
          ],
          [
            11.3660474,
            43.9942037
          ],
          [
            11.3660486,
            43.9942079
          ],
          [
            11.36605,
            43.994213
          ],
          [
            11.3660513,
            43.9942173
          ],
          [
            11.3660528,
            43.9942228
          ],
          [
            11.366054,
            43.9942271
          ],
          [
            11.3660556,
            43.9942327
          ],
          [
            11.366057,
            43.9942377
          ],
          [
            11.3660583,
            43.9942423
          ],
          [
            11.3660599,
            43.9942478
          ],
          [
            11.3660612,
            43.9942524
          ],
          [
            11.3660625,
            43.9942568
          ],
          [
            11.366064,
            43.9942623
          ],
          [
            11.3660655,
            43.9942675
          ],
          [
            11.3660667,
            43.9942719
          ],
          [
            11.3660678,
            43.9942758
          ],
          [
            11.366069,
            43.99428
          ],
          [
            11.3660704,
            43.9942849
          ],
          [
            11.3660718,
            43.9942898
          ],
          [
            11.3660732,
            43.9942946
          ],
          [
            11.366075,
            43.9943012
          ],
          [
            11.3660774,
            43.9943094
          ],
          [
            11.3660798,
            43.9943179
          ],
          [
            11.3660821,
            43.9943261
          ],
          [
            11.3660847,
            43.9943352
          ],
          [
            11.3660868,
            43.9943428
          ],
          [
            11.3660893,
            43.9943516
          ],
          [
            11.3660917,
            43.9943599
          ],
          [
            11.3660938,
            43.9943674
          ],
          [
            11.3660961,
            43.9943752
          ],
          [
            11.3660983,
            43.9943831
          ],
          [
            11.3661009,
            43.9943924
          ],
          [
            11.3661034,
            43.994401
          ],
          [
            11.3661052,
            43.9944076
          ],
          [
            11.3661075,
            43.9944157
          ],
          [
            11.3661101,
            43.9944247
          ],
          [
            11.3661122,
            43.9944321
          ],
          [
            11.3661151,
            43.9944424
          ],
          [
            11.3661175,
            43.994451
          ],
          [
            11.3661195,
            43.994458
          ],
          [
            11.366122,
            43.9944666
          ],
          [
            11.3661241,
            43.9944742
          ],
          [
            11.3661265,
            43.9944826
          ],
          [
            11.366129,
            43.9944913
          ],
          [
            11.3661311,
            43.9944987
          ],
          [
            11.3661337,
            43.9945081
          ],
          [
            11.366136,
            43.9945163
          ],
          [
            11.3661379,
            43.9945227
          ],
          [
            11.3661401,
            43.9945305
          ],
          [
            11.3661421,
            43.9945375
          ],
          [
            11.3661445,
            43.9945467
          ],
          [
            11.3661467,
            43.9945554
          ],
          [
            11.366149,
            43.9945644
          ],
          [
            11.3661519,
            43.9945755
          ],
          [
            11.3661543,
            43.994585
          ],
          [
            11.3661568,
            43.9945946
          ],
          [
            11.3661599,
            43.9946065
          ],
          [
            11.3661623,
            43.9946157
          ],
          [
            11.3661643,
            43.9946236
          ],
          [
            11.3661663,
            43.9946316
          ],
          [
            11.366169,
            43.9946418
          ],
          [
            11.3661711,
            43.9946499
          ],
          [
            11.3661731,
            43.9946578
          ],
          [
            11.3661748,
            43.9946643
          ],
          [
            11.3661774,
            43.9946744
          ],
          [
            11.3661801,
            43.9946848
          ],
          [
            11.3661827,
            43.994695
          ],
          [
            11.3661847,
            43.9947026
          ],
          [
            11.3661876,
            43.9947139
          ],
          [
            11.3661905,
            43.9947252
          ],
          [
            11.3661934,
            43.9947363
          ],
          [
            11.3661964,
            43.994748
          ],
          [
            11.3661993,
            43.9947594
          ],
          [
            11.3662028,
            43.9947728
          ],
          [
            11.3662059,
            43.9947851
          ],
          [
            11.3662091,
            43.9947971
          ],
          [
            11.3662123,
            43.9948095
          ],
          [
            11.3662148,
            43.9948195
          ],
          [
            11.366218,
            43.9948319
          ],
          [
            11.3662211,
            43.9948439
          ],
          [
            11.366224,
            43.9948549
          ],
          [
            11.3662271,
            43.994867
          ],
          [
            11.3662301,
            43.9948787
          ],
          [
            11.3662326,
            43.9948882
          ],
          [
            11.3662352,
            43.9948985
          ],
          [
            11.3662378,
            43.9949087
          ],
          [
            11.3662406,
            43.9949196
          ],
          [
            11.3662435,
            43.9949305
          ],
          [
            11.3662463,
            43.9949413
          ],
          [
            11.366249,
            43.9949519
          ],
          [
            11.3662515,
            43.9949618
          ],
          [
            11.3662538,
            43.9949707
          ],
          [
            11.3662567,
            43.9949816
          ],
          [
            11.3662595,
            43.9949928
          ],
          [
            11.3662623,
            43.9950035
          ],
          [
            11.3662653,
            43.995015
          ],
          [
            11.366268,
            43.9950255
          ],
          [
            11.3662708,
            43.9950364
          ],
          [
            11.3662734,
            43.9950464
          ],
          [
            11.366276,
            43.9950567
          ],
          [
            11.3662787,
            43.995067
          ],
          [
            11.3662816,
            43.9950782
          ],
          [
            11.3662846,
            43.99509
          ],
          [
            11.3662874,
            43.9951007
          ],
          [
            11.3662905,
            43.9951128
          ],
          [
            11.3662934,
            43.9951239
          ],
          [
            11.3662962,
            43.9951347
          ],
          [
            11.3662991,
            43.995146
          ],
          [
            11.3663024,
            43.9951588
          ],
          [
            11.3663051,
            43.9951695
          ],
          [
            11.3663078,
            43.99518
          ],
          [
            11.3663108,
            43.9951913
          ],
          [
            11.3663141,
            43.9952043
          ],
          [
            11.3663201,
            43.9952276
          ],
          [
            11.3663231,
            43.9952393
          ],
          [
            11.3663261,
            43.9952507
          ],
          [
            11.3663323,
            43.9952748
          ],
          [
            11.3663354,
            43.995287
          ],
          [
            11.3663385,
            43.9952989
          ],
          [
            11.3663415,
            43.9953106
          ],
          [
            11.3663445,
            43.9953221
          ],
          [
            11.3663475,
            43.9953337
          ],
          [
            11.3663504,
            43.9953451
          ],
          [
            11.3663531,
            43.9953556
          ],
          [
            11.366356,
            43.9953668
          ],
          [
            11.3663578,
            43.9953735
          ]
        ]
      },
      "id": "way/612265012"
    },
    {
      "type": "Feature",
      "properties": {
        "@id": "way/612265013",
        "highway": "raceway",
        "name": "Carva dell'Arrabbiata 2",
        "oneway": "yes",
        "ref": "9",
        "short_name": "Arrabbiata 2",
        "sport": "motor",
        "@relations": [
          {
            "role": "",
            "rel": 8487163,
            "reltags": {
              "highway": "raceway",
              "importance": "international",
              "name": "Autodromo Internazionale Mugello",
              "name:en": "Mugello Circuit",
              "name:it": "Autodromo Internazionale Mugello",
              "oneway": "yes",
              "sport": "motor",
              "surface": "asphalt",
              "type": "circuit",
              "wikidata": "Q782455",
              "wikimedia_commons": "Category:Autodromo Internazionale del Mugello",
              "wikipedia": "it:Autodromo internazionale del Mugello"
            }
          }
        ]
      },
      "geometry": {
        "type": "LineString",
        "coordinates": [
          [
            11.3664713,
            43.9919864
          ],
          [
            11.3664113,
            43.9920113
          ],
          [
            11.3663613,
            43.9920309
          ],
          [
            11.3662994,
            43.9920579
          ],
          [
            11.3662331,
            43.9920898
          ],
          [
            11.3661901,
            43.9921138
          ],
          [
            11.3661392,
            43.992144
          ],
          [
            11.3660984,
            43.9921704
          ],
          [
            11.3660601,
            43.9921969
          ],
          [
            11.3660115,
            43.9922315
          ],
          [
            11.3659751,
            43.9922663
          ],
          [
            11.3659389,
            43.9922996
          ],
          [
            11.3658935,
            43.9923433
          ],
          [
            11.3658669,
            43.9923827
          ],
          [
            11.3658408,
            43.9924192
          ],
          [
            11.3658186,
            43.9924535
          ],
          [
            11.3657969,
            43.9924922
          ],
          [
            11.365779,
            43.9925331
          ],
          [
            11.3657603,
            43.9925749
          ],
          [
            11.3657441,
            43.992615
          ],
          [
            11.3657316,
            43.9926573
          ],
          [
            11.3657194,
            43.9927114
          ],
          [
            11.3657168,
            43.9927678
          ],
          [
            11.3657156,
            43.9928117
          ],
          [
            11.3657179,
            43.9928768
          ],
          [
            11.3657184,
            43.9929212
          ],
          [
            11.365721,
            43.9929633
          ],
          [
            11.365729,
            43.9930162
          ],
          [
            11.3657364,
            43.9930637
          ],
          [
            11.365746,
            43.9931183
          ],
          [
            11.3657576,
            43.9931792
          ],
          [
            11.3657724,
            43.9932341
          ]
        ]
      },
      "id": "way/612265013"
    },
    {
      "type": "Feature",
      "properties": {
        "@id": "way/612265014",
        "highway": "raceway",
        "oneway": "yes",
        "sport": "motor",
        "@relations": [
          {
            "role": "",
            "rel": 8487163,
            "reltags": {
              "highway": "raceway",
              "importance": "international",
              "name": "Autodromo Internazionale Mugello",
              "name:en": "Mugello Circuit",
              "name:it": "Autodromo Internazionale Mugello",
              "oneway": "yes",
              "sport": "motor",
              "surface": "asphalt",
              "type": "circuit",
              "wikidata": "Q782455",
              "wikimedia_commons": "Category:Autodromo Internazionale del Mugello",
              "wikipedia": "it:Autodromo internazionale del Mugello"
            }
          }
        ]
      },
      "geometry": {
        "type": "LineString",
        "coordinates": [
          [
            11.3700772,
            43.9935266
          ],
          [
            11.3700375,
            43.9934605
          ],
          [
            11.3700329,
            43.9934504
          ],
          [
            11.3700239,
            43.993431
          ],
          [
            11.3700163,
            43.9934145
          ],
          [
            11.3700095,
            43.9933998
          ],
          [
            11.3700013,
            43.9933821
          ],
          [
            11.3699939,
            43.9933661
          ],
          [
            11.3699867,
            43.9933505
          ],
          [
            11.3699798,
            43.9933356
          ],
          [
            11.3699721,
            43.993319
          ],
          [
            11.3699654,
            43.9933045
          ],
          [
            11.3699578,
            43.993288
          ],
          [
            11.3699499,
            43.9932711
          ],
          [
            11.3699433,
            43.9932567
          ],
          [
            11.3699367,
            43.9932424
          ],
          [
            11.3699297,
            43.9932273
          ],
          [
            11.3699223,
            43.9932112
          ],
          [
            11.3699146,
            43.9931946
          ],
          [
            11.3699086,
            43.9931817
          ],
          [
            11.3699004,
            43.9931638
          ],
          [
            11.3698933,
            43.9931486
          ],
          [
            11.369885,
            43.9931306
          ],
          [
            11.3698785,
            43.9931165
          ],
          [
            11.3698709,
            43.9931001
          ],
          [
            11.3698628,
            43.9930827
          ],
          [
            11.369856,
            43.993068
          ],
          [
            11.3698486,
            43.993052
          ],
          [
            11.3698413,
            43.9930361
          ],
          [
            11.3698333,
            43.9930189
          ],
          [
            11.3698262,
            43.9930036
          ],
          [
            11.3698196,
            43.9929891
          ],
          [
            11.3698113,
            43.9929713
          ],
          [
            11.3698047,
            43.9929569
          ],
          [
            11.3697968,
            43.9929399
          ],
          [
            11.3697905,
            43.9929263
          ],
          [
            11.3697834,
            43.9929108
          ],
          [
            11.3697758,
            43.9928945
          ],
          [
            11.3697678,
            43.9928771
          ],
          [
            11.3697601,
            43.9928604
          ],
          [
            11.3697533,
            43.9928457
          ],
          [
            11.3697462,
            43.9928306
          ],
          [
            11.3697376,
            43.9928118
          ],
          [
            11.3697304,
            43.9927963
          ],
          [
            11.3697221,
            43.9927783
          ],
          [
            11.3697144,
            43.9927617
          ],
          [
            11.3697077,
            43.9927472
          ],
          [
            11.369699,
            43.9927284
          ],
          [
            11.3696938,
            43.9927171
          ],
          [
            11.3696867,
            43.9927018
          ],
          [
            11.3696793,
            43.9926857
          ],
          [
            11.3696702,
            43.992666
          ],
          [
            11.369663,
            43.9926505
          ],
          [
            11.3696569,
            43.9926373
          ],
          [
            11.369651,
            43.9926245
          ],
          [
            11.3696437,
            43.9926088
          ],
          [
            11.3696363,
            43.9925927
          ],
          [
            11.3696297,
            43.9925785
          ],
          [
            11.3696217,
            43.9925613
          ],
          [
            11.3696138,
            43.9925442
          ],
          [
            11.369608,
            43.9925317
          ],
          [
            11.3696005,
            43.9925153
          ],
          [
            11.3695925,
            43.992498
          ],
          [
            11.3695871,
            43.9924864
          ],
          [
            11.3695822,
            43.9924759
          ],
          [
            11.369577,
            43.9924657
          ],
          [
            11.3695681,
            43.9924481
          ],
          [
            11.3695632,
            43.9924387
          ],
          [
            11.3695578,
            43.9924281
          ],
          [
            11.3695522,
            43.992417
          ],
          [
            11.3695469,
            43.9924067
          ],
          [
            11.3695421,
            43.9923974
          ],
          [
            11.3695368,
            43.992387
          ],
          [
            11.3695324,
            43.9923783
          ],
          [
            11.3695282,
            43.99237
          ],
          [
            11.3695228,
            43.9923594
          ],
          [
            11.3695182,
            43.9923504
          ],
          [
            11.369514,
            43.9923422
          ],
          [
            11.3695089,
            43.9923323
          ],
          [
            11.3695043,
            43.9923233
          ],
          [
            11.3694999,
            43.9923147
          ],
          [
            11.3694956,
            43.9923063
          ],
          [
            11.3694907,
            43.9922967
          ],
          [
            11.369485,
            43.9922855
          ],
          [
            11.3694809,
            43.9922774
          ],
          [
            11.3694756,
            43.9922672
          ],
          [
            11.3694707,
            43.9922575
          ],
          [
            11.3694665,
            43.9922493
          ],
          [
            11.3694616,
            43.9922398
          ],
          [
            11.3694557,
            43.9922282
          ],
          [
            11.3694507,
            43.9922184
          ],
          [
            11.3694467,
            43.9922106
          ],
          [
            11.3694415,
            43.9922004
          ],
          [
            11.3694364,
            43.9921904
          ],
          [
            11.369432,
            43.9921818
          ],
          [
            11.3694272,
            43.9921723
          ],
          [
            11.3694208,
            43.9921598
          ]
        ]
      },
      "id": "way/612265014"
    },
    {
      "type": "Feature",
      "properties": {
        "@id": "way/612265029",
        "highway": "raceway",
        "name": "Curva Bucine",
        "oneway": "yes",
        "ref": "14",
        "short_name": "Bucine",
        "sport": "motor",
        "@relations": [
          {
            "role": "",
            "rel": 8487163,
            "reltags": {
              "highway": "raceway",
              "importance": "international",
              "name": "Autodromo Internazionale Mugello",
              "name:en": "Mugello Circuit",
              "name:it": "Autodromo Internazionale Mugello",
              "oneway": "yes",
              "sport": "motor",
              "surface": "asphalt",
              "type": "circuit",
              "wikidata": "Q782455",
              "wikimedia_commons": "Category:Autodromo Internazionale del Mugello",
              "wikipedia": "it:Autodromo internazionale del Mugello"
            }
          }
        ]
      },
      "geometry": {
        "type": "LineString",
        "coordinates": [
          [
            11.3668755,
            43.9937205
          ],
          [
            11.3668374,
            43.9936762
          ],
          [
            11.3667918,
            43.9936209
          ],
          [
            11.3667617,
            43.9935865
          ],
          [
            11.3667383,
            43.9935554
          ],
          [
            11.3667144,
            43.9935204
          ],
          [
            11.3666931,
            43.9934926
          ],
          [
            11.3666712,
            43.9934628
          ],
          [
            11.3666488,
            43.9934309
          ],
          [
            11.366628,
            43.9933963
          ],
          [
            11.36661,
            43.9933689
          ],
          [
            11.3665915,
            43.9933304
          ],
          [
            11.3665726,
            43.9932976
          ],
          [
            11.3665597,
            43.9932601
          ],
          [
            11.3665485,
            43.9932245
          ],
          [
            11.3665379,
            43.9931881
          ],
          [
            11.3665302,
            43.99315
          ],
          [
            11.3665253,
            43.993114
          ],
          [
            11.3665243,
            43.9930795
          ],
          [
            11.3665272,
            43.9930413
          ],
          [
            11.3665318,
            43.9930099
          ],
          [
            11.3665372,
            43.9929807
          ],
          [
            11.3665426,
            43.9929516
          ],
          [
            11.3665487,
            43.9929268
          ],
          [
            11.366559,
            43.9928972
          ],
          [
            11.3665693,
            43.9928741
          ],
          [
            11.3665837,
            43.9928493
          ],
          [
            11.3665969,
            43.9928227
          ],
          [
            11.3666173,
            43.9927889
          ],
          [
            11.3666376,
            43.9927643
          ],
          [
            11.3666629,
            43.9927389
          ],
          [
            11.3666911,
            43.9927082
          ],
          [
            11.3667189,
            43.9926798
          ],
          [
            11.3667419,
            43.9926609
          ],
          [
            11.3667655,
            43.9926407
          ],
          [
            11.3667992,
            43.9926153
          ],
          [
            11.3668376,
            43.992591
          ],
          [
            11.3668731,
            43.9925695
          ],
          [
            11.3669164,
            43.9925459
          ],
          [
            11.3669587,
            43.9925283
          ],
          [
            11.3670098,
            43.992512
          ],
          [
            11.3670554,
            43.9924994
          ],
          [
            11.3670935,
            43.9924896
          ],
          [
            11.3671421,
            43.9924765
          ],
          [
            11.3671871,
            43.9924665
          ],
          [
            11.3672254,
            43.992461
          ],
          [
            11.3672695,
            43.9924546
          ],
          [
            11.3673121,
            43.9924521
          ],
          [
            11.3673593,
            43.9924494
          ],
          [
            11.3674004,
            43.9924475
          ],
          [
            11.3674448,
            43.992451
          ],
          [
            11.367483,
            43.9924523
          ],
          [
            11.3675221,
            43.9924565
          ],
          [
            11.3675931,
            43.9924649
          ],
          [
            11.3676378,
            43.9924726
          ],
          [
            11.3676959,
            43.9924841
          ],
          [
            11.3677457,
            43.9924962
          ],
          [
            11.3677892,
            43.992508
          ],
          [
            11.367837,
            43.9925234
          ],
          [
            11.3678858,
            43.99254
          ],
          [
            11.3679352,
            43.9925592
          ],
          [
            11.3679778,
            43.992578
          ],
          [
            11.368031,
            43.9926035
          ],
          [
            11.3680634,
            43.99262
          ],
          [
            11.3680969,
            43.9926393
          ],
          [
            11.368131,
            43.9926592
          ],
          [
            11.3681734,
            43.9926812
          ],
          [
            11.3682047,
            43.9927
          ],
          [
            11.368242,
            43.9927245
          ],
          [
            11.3682735,
            43.9927465
          ],
          [
            11.3682947,
            43.9927649
          ],
          [
            11.3683241,
            43.9927858
          ],
          [
            11.3683464,
            43.9928045
          ],
          [
            11.3683716,
            43.992825
          ],
          [
            11.3683974,
            43.9928503
          ],
          [
            11.3684304,
            43.9928813
          ],
          [
            11.3684587,
            43.9929063
          ],
          [
            11.3684832,
            43.9929337
          ],
          [
            11.3685118,
            43.992965
          ],
          [
            11.3685375,
            43.992994
          ],
          [
            11.3685606,
            43.9930207
          ],
          [
            11.3685821,
            43.993048
          ],
          [
            11.3686093,
            43.9930799
          ],
          [
            11.3686435,
            43.9931246
          ]
        ]
      },
      "id": "way/612265029"
    },
    {
      "type": "Feature",
      "properties": {
        "@id": "way/612265030",
        "highway": "raceway",
        "oneway": "yes",
        "sport": "motor",
        "@relations": [
          {
            "role": "",
            "rel": 8487163,
            "reltags": {
              "highway": "raceway",
              "importance": "international",
              "name": "Autodromo Internazionale Mugello",
              "name:en": "Mugello Circuit",
              "name:it": "Autodromo Internazionale Mugello",
              "oneway": "yes",
              "sport": "motor",
              "surface": "asphalt",
              "type": "circuit",
              "wikidata": "Q782455",
              "wikimedia_commons": "Category:Autodromo Internazionale del Mugello",
              "wikipedia": "it:Autodromo internazionale del Mugello"
            }
          }
        ]
      },
      "geometry": {
        "type": "LineString",
        "coordinates": [
          [
            11.3696711,
            43.9963724
          ],
          [
            11.3696125,
            43.9963158
          ],
          [
            11.3695345,
            43.9962404
          ],
          [
            11.3695117,
            43.9962184
          ],
          [
            11.3694839,
            43.9961915
          ],
          [
            11.3694641,
            43.9961723
          ],
          [
            11.3694449,
            43.9961538
          ],
          [
            11.3694239,
            43.9961335
          ],
          [
            11.3694045,
            43.9961147
          ],
          [
            11.3693882,
            43.996099
          ],
          [
            11.3693668,
            43.9960783
          ],
          [
            11.3693407,
            43.9960531
          ],
          [
            11.3693095,
            43.9960229
          ],
          [
            11.3692752,
            43.9959898
          ],
          [
            11.3692479,
            43.9959634
          ],
          [
            11.3692159,
            43.9959325
          ],
          [
            11.3691867,
            43.9959043
          ],
          [
            11.3691576,
            43.9958761
          ],
          [
            11.3691348,
            43.9958541
          ],
          [
            11.3691087,
            43.9958288
          ],
          [
            11.3690874,
            43.9958083
          ],
          [
            11.3690613,
            43.995783
          ],
          [
            11.3690417,
            43.9957641
          ],
          [
            11.3690143,
            43.9957376
          ],
          [
            11.3689868,
            43.9957111
          ],
          [
            11.3689543,
            43.9956796
          ],
          [
            11.3689256,
            43.9956519
          ],
          [
            11.3688927,
            43.9956201
          ],
          [
            11.3688677,
            43.9955959
          ],
          [
            11.368838,
            43.9955672
          ],
          [
            11.3688082,
            43.9955385
          ],
          [
            11.3687831,
            43.9955142
          ],
          [
            11.3687607,
            43.9954925
          ],
          [
            11.368733,
            43.9954658
          ],
          [
            11.3686914,
            43.9954255
          ],
          [
            11.3686639,
            43.9953989
          ],
          [
            11.3686362,
            43.9953722
          ],
          [
            11.368613,
            43.9953497
          ],
          [
            11.3685748,
            43.9953128
          ],
          [
            11.368543,
            43.9952847
          ],
          [
            11.3685158,
            43.99526
          ],
          [
            11.3684872,
            43.9952331
          ],
          [
            11.3684615,
            43.9952088
          ],
          [
            11.3684352,
            43.9951836
          ],
          [
            11.368405,
            43.9951557
          ],
          [
            11.3683709,
            43.9951259
          ],
          [
            11.3683447,
            43.9951011
          ],
          [
            11.3683181,
            43.9950776
          ],
          [
            11.3682826,
            43.9950444
          ],
          [
            11.368255,
            43.9950175
          ],
          [
            11.3682254,
            43.9949914
          ],
          [
            11.3681979,
            43.99497
          ],
          [
            11.3681675,
            43.9949435
          ],
          [
            11.3681405,
            43.9949181
          ],
          [
            11.3681016,
            43.9948855
          ],
          [
            11.3680679,
            43.9948562
          ],
          [
            11.3680398,
            43.9948304
          ],
          [
            11.3680143,
            43.9948054
          ],
          [
            11.3679832,
            43.994778
          ],
          [
            11.3679503,
            43.9947481
          ],
          [
            11.3679201,
            43.9947209
          ],
          [
            11.3678891,
            43.9946912
          ],
          [
            11.3678551,
            43.9946586
          ],
          [
            11.3678225,
            43.9946274
          ],
          [
            11.3677893,
            43.9945957
          ],
          [
            11.3677661,
            43.9945735
          ],
          [
            11.3677333,
            43.994542
          ],
          [
            11.3677025,
            43.9945125
          ],
          [
            11.3676803,
            43.9944913
          ],
          [
            11.3676429,
            43.9944555
          ],
          [
            11.3676172,
            43.9944308
          ],
          [
            11.3675943,
            43.9944089
          ],
          [
            11.3675677,
            43.9943834
          ],
          [
            11.3675427,
            43.9943594
          ],
          [
            11.3675155,
            43.9943334
          ],
          [
            11.3674875,
            43.9943066
          ],
          [
            11.3674582,
            43.9942786
          ],
          [
            11.3674366,
            43.9942579
          ],
          [
            11.3674121,
            43.9942344
          ],
          [
            11.3673907,
            43.9942139
          ],
          [
            11.3673673,
            43.9941915
          ],
          [
            11.3673435,
            43.9941688
          ],
          [
            11.36732,
            43.9941462
          ],
          [
            11.3672986,
            43.9941257
          ],
          [
            11.3672697,
            43.994098
          ],
          [
            11.3672422,
            43.9940718
          ],
          [
            11.3672139,
            43.9940446
          ],
          [
            11.3671853,
            43.9940172
          ],
          [
            11.3671543,
            43.9939876
          ],
          [
            11.3671205,
            43.9939551
          ],
          [
            11.3670835,
            43.9939197
          ],
          [
            11.3670523,
            43.9938898
          ],
          [
            11.3670215,
            43.9938603
          ],
          [
            11.3669889,
            43.9938291
          ],
          [
            11.3669676,
            43.9938087
          ],
          [
            11.3669372,
            43.9937796
          ],
          [
            11.3669061,
            43.9937499
          ],
          [
            11.3668755,
            43.9937205
          ]
        ]
      },
      "id": "way/612265030"
    },
    {
      "type": "Feature",
      "properties": {
        "@id": "way/612265031",
        "highway": "raceway",
        "name": "Curva Biondetti",
        "oneway": "yes",
        "ref": "13",
        "short_name": "Biondetti",
        "sport": "motor",
        "@relations": [
          {
            "role": "",
            "rel": 8487163,
            "reltags": {
              "highway": "raceway",
              "importance": "international",
              "name": "Autodromo Internazionale Mugello",
              "name:en": "Mugello Circuit",
              "name:it": "Autodromo Internazionale Mugello",
              "oneway": "yes",
              "sport": "motor",
              "surface": "asphalt",
              "type": "circuit",
              "wikidata": "Q782455",
              "wikimedia_commons": "Category:Autodromo Internazionale del Mugello",
              "wikipedia": "it:Autodromo internazionale del Mugello"
            }
          }
        ]
      },
      "geometry": {
        "type": "LineString",
        "coordinates": [
          [
            11.369937,
            43.9975124
          ],
          [
            11.3699121,
            43.9974843
          ],
          [
            11.3698932,
            43.9974604
          ],
          [
            11.3698756,
            43.9974356
          ],
          [
            11.3698614,
            43.9974152
          ],
          [
            11.3698435,
            43.9973892
          ],
          [
            11.3698308,
            43.9973715
          ],
          [
            11.369818,
            43.9973509
          ],
          [
            11.3698087,
            43.9973302
          ],
          [
            11.369801,
            43.9973119
          ],
          [
            11.3697932,
            43.9972896
          ],
          [
            11.369788,
            43.9972659
          ],
          [
            11.3697845,
            43.997242
          ],
          [
            11.3697827,
            43.9972186
          ],
          [
            11.3697807,
            43.9971958
          ],
          [
            11.3697805,
            43.9971729
          ],
          [
            11.3697802,
            43.9971545
          ],
          [
            11.3697807,
            43.9971334
          ],
          [
            11.369782,
            43.9971117
          ],
          [
            11.3697814,
            43.9970881
          ],
          [
            11.3697826,
            43.9970658
          ],
          [
            11.3697824,
            43.9970442
          ],
          [
            11.3697821,
            43.9970124
          ],
          [
            11.3697818,
            43.9969839
          ],
          [
            11.3697815,
            43.9969521
          ],
          [
            11.3697812,
            43.9969216
          ],
          [
            11.3697806,
            43.9968586
          ],
          [
            11.3697803,
            43.9968268
          ],
          [
            11.36978,
            43.9967944
          ],
          [
            11.3697797,
            43.9967652
          ],
          [
            11.3697794,
            43.9967334
          ],
          [
            11.3697791,
            43.9967048
          ],
          [
            11.3697789,
            43.9966802
          ],
          [
            11.369779,
            43.9966452
          ],
          [
            11.3697764,
            43.9966144
          ],
          [
            11.3697674,
            43.9965721
          ],
          [
            11.3697637,
            43.996545
          ],
          [
            11.3697546,
            43.9965161
          ],
          [
            11.3697423,
            43.9964857
          ],
          [
            11.3697281,
            43.9964522
          ],
          [
            11.3697129,
            43.9964274
          ],
          [
            11.3696939,
            43.9963993
          ],
          [
            11.3696711,
            43.9963724
          ]
        ]
      },
      "id": "way/612265031"
    },
    {
      "type": "Feature",
      "properties": {
        "@id": "way/612265015",
        "highway": "raceway",
        "oneway": "yes",
        "sport": "motor",
        "@relations": [
          {
            "role": "",
            "rel": 8487163,
            "reltags": {
              "highway": "raceway",
              "importance": "international",
              "name": "Autodromo Internazionale Mugello",
              "name:en": "Mugello Circuit",
              "name:it": "Autodromo Internazionale Mugello",
              "oneway": "yes",
              "sport": "motor",
              "surface": "asphalt",
              "type": "circuit",
              "wikidata": "Q782455",
              "wikimedia_commons": "Category:Autodromo Internazionale del Mugello",
              "wikipedia": "it:Autodromo internazionale del Mugello"
            }
          }
        ]
      },
      "geometry": {
        "type": "LineString",
        "coordinates": [
          [
            11.3720187,
            43.9940348
          ],
          [
            11.3719895,
            43.9940362
          ],
          [
            11.3719486,
            43.9940383
          ],
          [
            11.3719213,
            43.9940396
          ],
          [
            11.3718498,
            43.9940432
          ],
          [
            11.3718164,
            43.9940448
          ],
          [
            11.3717863,
            43.9940463
          ],
          [
            11.3717489,
            43.9940482
          ],
          [
            11.3717186,
            43.9940497
          ],
          [
            11.371686,
            43.9940513
          ],
          [
            11.371652,
            43.994053
          ],
          [
            11.3716177,
            43.9940547
          ],
          [
            11.3715838,
            43.9940564
          ],
          [
            11.3715495,
            43.9940581
          ],
          [
            11.3715171,
            43.9940597
          ],
          [
            11.3714805,
            43.9940615
          ],
          [
            11.371451,
            43.9940629
          ],
          [
            11.3714216,
            43.9940644
          ],
          [
            11.3713873,
            43.9940661
          ],
          [
            11.3713653,
            43.9940672
          ]
        ]
      },
      "id": "way/612265015"
    },
    {
      "type": "Feature",
      "properties": {
        "@id": "way/612265017",
        "highway": "raceway",
        "name": "Curva Casanova",
        "oneway": "yes",
        "ref": "6",
        "short_name": "Casanova",
        "sport": "motor",
        "@relations": [
          {
            "role": "",
            "rel": 8487163,
            "reltags": {
              "highway": "raceway",
              "importance": "international",
              "name": "Autodromo Internazionale Mugello",
              "name:en": "Mugello Circuit",
              "name:it": "Autodromo Internazionale Mugello",
              "oneway": "yes",
              "sport": "motor",
              "surface": "asphalt",
              "type": "circuit",
              "wikidata": "Q782455",
              "wikimedia_commons": "Category:Autodromo Internazionale del Mugello",
              "wikipedia": "it:Autodromo internazionale del Mugello"
            }
          }
        ]
      },
      "geometry": {
        "type": "LineString",
        "coordinates": [
          [
            11.3728712,
            43.9942773
          ],
          [
            11.3728523,
            43.9942633
          ],
          [
            11.3728304,
            43.9942438
          ],
          [
            11.372809,
            43.9942243
          ],
          [
            11.3727912,
            43.9942081
          ],
          [
            11.3727732,
            43.9941921
          ],
          [
            11.3727497,
            43.9941753
          ],
          [
            11.3727183,
            43.9941544
          ],
          [
            11.3726957,
            43.9941391
          ],
          [
            11.3726708,
            43.9941252
          ],
          [
            11.3726437,
            43.9941121
          ],
          [
            11.3726165,
            43.9940998
          ],
          [
            11.3725843,
            43.9940862
          ],
          [
            11.3725443,
            43.9940721
          ],
          [
            11.3725072,
            43.9940604
          ],
          [
            11.3724748,
            43.9940531
          ],
          [
            11.3724448,
            43.9940453
          ],
          [
            11.3724148,
            43.9940392
          ],
          [
            11.3723809,
            43.9940345
          ],
          [
            11.3723577,
            43.9940321
          ],
          [
            11.3723234,
            43.99403
          ],
          [
            11.372295,
            43.9940291
          ],
          [
            11.3722619,
            43.9940287
          ],
          [
            11.3722362,
            43.9940282
          ],
          [
            11.3722071,
            43.9940286
          ],
          [
            11.3721741,
            43.994029
          ],
          [
            11.3721494,
            43.9940295
          ],
          [
            11.372118,
            43.9940296
          ],
          [
            11.3720664,
            43.994031
          ],
          [
            11.3720187,
            43.9940348
          ]
        ]
      },
      "id": "way/612265017"
    },
    {
      "type": "Feature",
      "properties": {
        "@id": "way/612265018",
        "highway": "raceway",
        "oneway": "yes",
        "sport": "motor",
        "@relations": [
          {
            "role": "",
            "rel": 8487163,
            "reltags": {
              "highway": "raceway",
              "importance": "international",
              "name": "Autodromo Internazionale Mugello",
              "name:en": "Mugello Circuit",
              "name:it": "Autodromo Internazionale Mugello",
              "oneway": "yes",
              "sport": "motor",
              "surface": "asphalt",
              "type": "circuit",
              "wikidata": "Q782455",
              "wikimedia_commons": "Category:Autodromo Internazionale del Mugello",
              "wikipedia": "it:Autodromo internazionale del Mugello"
            }
          }
        ]
      },
      "geometry": {
        "type": "LineString",
        "coordinates": [
          [
            11.3750632,
            43.9961445
          ],
          [
            11.3750245,
            43.9961133
          ],
          [
            11.3749806,
            43.9960779
          ],
          [
            11.3749406,
            43.9960456
          ],
          [
            11.374895,
            43.9960088
          ],
          [
            11.374854,
            43.9959758
          ],
          [
            11.3748024,
            43.9959342
          ],
          [
            11.3747618,
            43.9959015
          ],
          [
            11.3747165,
            43.9958649
          ],
          [
            11.3746327,
            43.9957974
          ],
          [
            11.3745843,
            43.9957584
          ],
          [
            11.3745414,
            43.9957237
          ],
          [
            11.3744984,
            43.9956891
          ],
          [
            11.3744534,
            43.9956528
          ],
          [
            11.3744062,
            43.9956147
          ],
          [
            11.3743587,
            43.9955764
          ],
          [
            11.3743121,
            43.9955389
          ],
          [
            11.3742729,
            43.9955072
          ],
          [
            11.3742274,
            43.9954706
          ],
          [
            11.374186,
            43.9954372
          ],
          [
            11.3741655,
            43.9954207
          ],
          [
            11.374146,
            43.995405
          ],
          [
            11.3741256,
            43.9953885
          ],
          [
            11.3741002,
            43.995368
          ],
          [
            11.3740809,
            43.9953525
          ],
          [
            11.3740565,
            43.9953328
          ],
          [
            11.3740336,
            43.9953143
          ],
          [
            11.3740206,
            43.9953038
          ],
          [
            11.3740097,
            43.9952942
          ],
          [
            11.3740006,
            43.9952863
          ],
          [
            11.3739921,
            43.9952788
          ],
          [
            11.3739833,
            43.9952711
          ],
          [
            11.3739751,
            43.9952639
          ],
          [
            11.3739659,
            43.9952558
          ],
          [
            11.3739573,
            43.9952482
          ],
          [
            11.3739483,
            43.9952403
          ],
          [
            11.3739408,
            43.9952337
          ],
          [
            11.3739317,
            43.9952257
          ],
          [
            11.3739224,
            43.9952175
          ],
          [
            11.3739145,
            43.9952106
          ],
          [
            11.3739041,
            43.9952014
          ],
          [
            11.3738947,
            43.9951932
          ],
          [
            11.373887,
            43.9951864
          ],
          [
            11.373879,
            43.9951794
          ],
          [
            11.3738683,
            43.99517
          ],
          [
            11.3738606,
            43.9951632
          ],
          [
            11.3738518,
            43.9951555
          ],
          [
            11.3738429,
            43.9951476
          ],
          [
            11.3738338,
            43.9951397
          ],
          [
            11.373825,
            43.9951319
          ],
          [
            11.3738157,
            43.9951238
          ],
          [
            11.373807,
            43.9951161
          ],
          [
            11.3737993,
            43.9951093
          ],
          [
            11.3737902,
            43.9951013
          ],
          [
            11.3737816,
            43.9950938
          ],
          [
            11.3737728,
            43.995086
          ],
          [
            11.373765,
            43.9950792
          ],
          [
            11.3737516,
            43.9950674
          ],
          [
            11.3737426,
            43.9950595
          ],
          [
            11.3737341,
            43.995052
          ],
          [
            11.3737244,
            43.9950435
          ],
          [
            11.3737151,
            43.9950353
          ],
          [
            11.3737067,
            43.9950279
          ],
          [
            11.3736983,
            43.9950206
          ],
          [
            11.37369,
            43.9950133
          ],
          [
            11.3736811,
            43.9950054
          ],
          [
            11.3736725,
            43.9949979
          ],
          [
            11.3736642,
            43.9949906
          ],
          [
            11.3736562,
            43.9949836
          ],
          [
            11.3736469,
            43.9949754
          ],
          [
            11.3736385,
            43.994968
          ],
          [
            11.3736316,
            43.9949619
          ],
          [
            11.3736224,
            43.9949538
          ],
          [
            11.3735987,
            43.994933
          ],
          [
            11.3735832,
            43.9949194
          ],
          [
            11.3735719,
            43.9949095
          ],
          [
            11.3735631,
            43.9949017
          ],
          [
            11.3735546,
            43.9948942
          ],
          [
            11.3735469,
            43.9948875
          ],
          [
            11.3735366,
            43.9948784
          ],
          [
            11.3735293,
            43.994872
          ],
          [
            11.3735211,
            43.9948648
          ],
          [
            11.3735122,
            43.994857
          ],
          [
            11.3735027,
            43.9948486
          ],
          [
            11.3734938,
            43.9948408
          ],
          [
            11.3734856,
            43.9948336
          ],
          [
            11.3734768,
            43.9948259
          ],
          [
            11.3734684,
            43.9948184
          ],
          [
            11.3734598,
            43.9948109
          ],
          [
            11.3734507,
            43.9948029
          ],
          [
            11.3734421,
            43.9947953
          ],
          [
            11.3734345,
            43.9947887
          ],
          [
            11.3734252,
            43.9947805
          ],
          [
            11.373418,
            43.9947742
          ],
          [
            11.3734086,
            43.9947659
          ],
          [
            11.373401,
            43.9947593
          ],
          [
            11.37339,
            43.9947496
          ],
          [
            11.373382,
            43.9947425
          ],
          [
            11.3733732,
            43.9947349
          ],
          [
            11.3733642,
            43.9947269
          ],
          [
            11.3733554,
            43.9947191
          ],
          [
            11.3733481,
            43.9947128
          ],
          [
            11.3733366,
            43.9947027
          ],
          [
            11.3733278,
            43.9946949
          ],
          [
            11.3733087,
            43.9946782
          ],
          [
            11.3733,
            43.9946705
          ],
          [
            11.3732915,
            43.994663
          ],
          [
            11.3732819,
            43.9946546
          ],
          [
            11.3732738,
            43.9946475
          ],
          [
            11.3732657,
            43.9946403
          ],
          [
            11.3732555,
            43.9946314
          ],
          [
            11.3732453,
            43.9946224
          ],
          [
            11.3732372,
            43.9946153
          ],
          [
            11.3732283,
            43.9946075
          ],
          [
            11.3732199,
            43.9946001
          ],
          [
            11.3732108,
            43.9945921
          ],
          [
            11.3732015,
            43.9945839
          ],
          [
            11.3731929,
            43.9945763
          ],
          [
            11.3731837,
            43.9945683
          ],
          [
            11.3731757,
            43.9945612
          ],
          [
            11.3731661,
            43.9945528
          ],
          [
            11.3731569,
            43.9945447
          ],
          [
            11.3731486,
            43.9945374
          ],
          [
            11.3731399,
            43.9945298
          ],
          [
            11.3731319,
            43.9945227
          ],
          [
            11.3731236,
            43.9945154
          ],
          [
            11.3731155,
            43.9945083
          ],
          [
            11.3731072,
            43.994501
          ],
          [
            11.373098,
            43.9944929
          ],
          [
            11.373079,
            43.9944762
          ],
          [
            11.3730631,
            43.9944623
          ],
          [
            11.3730538,
            43.9944541
          ],
          [
            11.373046,
            43.9944473
          ],
          [
            11.3730395,
            43.9944377
          ],
          [
            11.3730363,
            43.9944313
          ],
          [
            11.373029,
            43.9944242
          ],
          [
            11.3730221,
            43.9944177
          ],
          [
            11.3730149,
            43.9944109
          ],
          [
            11.3730061,
            43.9944026
          ],
          [
            11.3729983,
            43.9943952
          ],
          [
            11.3729899,
            43.9943873
          ],
          [
            11.3729811,
            43.9943789
          ],
          [
            11.3729736,
            43.9943719
          ],
          [
            11.3729653,
            43.9943641
          ],
          [
            11.3729576,
            43.9943569
          ],
          [
            11.3729518,
            43.9943514
          ],
          [
            11.3729448,
            43.9943448
          ],
          [
            11.3729367,
            43.9943371
          ],
          [
            11.3729288,
            43.9943297
          ],
          [
            11.37292,
            43.9943214
          ],
          [
            11.3729112,
            43.9943131
          ],
          [
            11.3729031,
            43.9943054
          ],
          [
            11.3728959,
            43.9942987
          ],
          [
            11.3728876,
            43.9942908
          ],
          [
            11.3728712,
            43.9942773
          ]
        ]
      },
      "id": "way/612265018"
    },
    {
      "type": "Feature",
      "properties": {
        "@id": "way/612265019",
        "highway": "raceway",
        "name": "Curva Borgo San Lorenzo",
        "oneway": "yes",
        "ref": "5",
        "short_name": "Borgo San Lorenzo",
        "sport": "motor",
        "@relations": [
          {
            "role": "",
            "rel": 8487163,
            "reltags": {
              "highway": "raceway",
              "importance": "international",
              "name": "Autodromo Internazionale Mugello",
              "name:en": "Mugello Circuit",
              "name:it": "Autodromo Internazionale Mugello",
              "oneway": "yes",
              "sport": "motor",
              "surface": "asphalt",
              "type": "circuit",
              "wikidata": "Q782455",
              "wikimedia_commons": "Category:Autodromo Internazionale del Mugello",
              "wikipedia": "it:Autodromo internazionale del Mugello"
            }
          }
        ]
      },
      "geometry": {
        "type": "LineString",
        "coordinates": [
          [
            11.3751352,
            43.9967934
          ],
          [
            11.3751517,
            43.9967697
          ],
          [
            11.3751752,
            43.9967389
          ],
          [
            11.375194,
            43.9967145
          ],
          [
            11.3752171,
            43.9966849
          ],
          [
            11.3752339,
            43.9966555
          ],
          [
            11.3752438,
            43.9966254
          ],
          [
            11.3752512,
            43.9965951
          ],
          [
            11.3752522,
            43.996567
          ],
          [
            11.3752569,
            43.9965438
          ],
          [
            11.3752605,
            43.9965221
          ],
          [
            11.3752648,
            43.9964927
          ],
          [
            11.3752651,
            43.996456
          ],
          [
            11.3752596,
            43.9964276
          ],
          [
            11.3752537,
            43.996394
          ],
          [
            11.3752423,
            43.9963622
          ],
          [
            11.3752301,
            43.9963318
          ],
          [
            11.3752137,
            43.9962957
          ],
          [
            11.3751932,
            43.9962641
          ],
          [
            11.3751645,
            43.9962337
          ],
          [
            11.3751402,
            43.9962096
          ],
          [
            11.3751053,
            43.9961793
          ],
          [
            11.3750632,
            43.9961445
          ]
        ]
      },
      "id": "way/612265019"
    },
    {
      "type": "Feature",
      "properties": {
        "@id": "way/612265021",
        "highway": "raceway",
        "oneway": "yes",
        "sport": "motor",
        "@relations": [
          {
            "role": "",
            "rel": 8487163,
            "reltags": {
              "highway": "raceway",
              "importance": "international",
              "name": "Autodromo Internazionale Mugello",
              "name:en": "Mugello Circuit",
              "name:it": "Autodromo Internazionale Mugello",
              "oneway": "yes",
              "sport": "motor",
              "surface": "asphalt",
              "type": "circuit",
              "wikidata": "Q782455",
              "wikimedia_commons": "Category:Autodromo Internazionale del Mugello",
              "wikipedia": "it:Autodromo internazionale del Mugello"
            }
          }
        ]
      },
      "geometry": {
        "type": "LineString",
        "coordinates": [
          [
            11.3748186,
            43.9972296
          ],
          [
            11.3748308,
            43.9972128
          ],
          [
            11.3748448,
            43.9971935
          ],
          [
            11.3748579,
            43.9971755
          ],
          [
            11.374874,
            43.9971533
          ],
          [
            11.3748883,
            43.9971336
          ],
          [
            11.3749046,
            43.9971111
          ],
          [
            11.3749185,
            43.997092
          ],
          [
            11.3749351,
            43.9970691
          ],
          [
            11.3749496,
            43.9970492
          ],
          [
            11.374964,
            43.9970293
          ],
          [
            11.3749819,
            43.9970046
          ],
          [
            11.3749968,
            43.996984
          ],
          [
            11.3750118,
            43.9969635
          ],
          [
            11.3750262,
            43.9969436
          ],
          [
            11.3750394,
            43.9969254
          ],
          [
            11.3750521,
            43.9969079
          ],
          [
            11.3750609,
            43.9968958
          ],
          [
            11.3750729,
            43.9968793
          ],
          [
            11.3750834,
            43.9968648
          ],
          [
            11.3750959,
            43.9968475
          ],
          [
            11.3751093,
            43.9968291
          ],
          [
            11.3751211,
            43.9968129
          ],
          [
            11.3751352,
            43.9967934
          ]
        ]
      },
      "id": "way/612265021"
    },
    
    
    {
      "type": "Feature",
      "properties": {
        "@id": "way/612264999",
        "highway": "raceway",
        "name": "Griglia di partenza",
        "oneway": "yes",
        "raceway": "start-finish",
        "sport": "motor",
        "@relations": [
          {
            "role": "",
            "rel": 8487163,
            "reltags": {
              "highway": "raceway",
              "importance": "international",
              "name": "Autodromo Internazionale Mugello",
              "name:en": "Mugello Circuit",
              "name:it": "Autodromo Internazionale Mugello",
              "oneway": "yes",
              "sport": "motor",
              "surface": "asphalt",
              "type": "circuit",
              "wikidata": "Q782455",
              "wikimedia_commons": "Category:Autodromo Internazionale del Mugello",
              "wikipedia": "it:Autodromo internazionale del Mugello"
            }
          }
        ]
      },
      "geometry": {
        "type": "LineString",
        "coordinates": [
          [
            11.3696276,
            43.9946777
          ],
          [
            11.3696447,
            43.9947047
          ],
          [
            11.3696628,
            43.9947332
          ],
          [
            11.3696806,
            43.9947612
          ],
          [
            11.3697005,
            43.9947927
          ],
          [
            11.3697208,
            43.9948247
          ],
          [
            11.3697369,
            43.99485
          ],
          [
            11.369755,
            43.9948786
          ],
          [
            11.369775,
            43.9949101
          ],
          [
            11.3697949,
            43.9949415
          ],
          [
            11.3698126,
            43.9949695
          ],
          [
            11.3698284,
            43.9949944
          ],
          [
            11.369845,
            43.9950205
          ],
          [
            11.3698606,
            43.9950451
          ],
          [
            11.369878,
            43.9950726
          ],
          [
            11.3698966,
            43.9951019
          ],
          [
            11.3699159,
            43.9951324
          ],
          [
            11.3699307,
            43.9951557
          ],
          [
            11.3699463,
            43.9951804
          ],
          [
            11.3699671,
            43.995213
          ],
          [
            11.369984,
            43.9952397
          ],
          [
            11.3700037,
            43.9952708
          ],
          [
            11.3700438,
            43.995334
          ],
          [
            11.3700675,
            43.9953714
          ],
          [
            11.3700862,
            43.995401
          ],
          [
            11.3701048,
            43.9954302
          ],
          [
            11.3701275,
            43.995466
          ],
          [
            11.3701494,
            43.9955006
          ],
          [
            11.3701715,
            43.9955355
          ],
          [
            11.3701924,
            43.9955684
          ],
          [
            11.3702251,
            43.9956199
          ],
          [
            11.3702422,
            43.995647
          ],
          [
            11.3702604,
            43.9956756
          ],
          [
            11.370283,
            43.9957112
          ],
          [
            11.3703019,
            43.995741
          ],
          [
            11.3703198,
            43.9957692
          ],
          [
            11.3703385,
            43.9957987
          ],
          [
            11.3703587,
            43.9958305
          ],
          [
            11.3703753,
            43.9958568
          ],
          [
            11.3703958,
            43.9958892
          ],
          [
            11.3704186,
            43.9959251
          ],
          [
            11.3704381,
            43.9959558
          ],
          [
            11.3704561,
            43.9959841
          ],
          [
            11.3704776,
            43.9960181
          ],
          [
            11.3704975,
            43.9960495
          ],
          [
            11.3705165,
            43.9960794
          ],
          [
            11.3705346,
            43.996108
          ],
          [
            11.3705545,
            43.9961394
          ],
          [
            11.3705756,
            43.9961727
          ],
          [
            11.3705896,
            43.9961947
          ],
          [
            11.3706091,
            43.9962255
          ],
          [
            11.3706296,
            43.9962579
          ],
          [
            11.3706502,
            43.9962903
          ],
          [
            11.3706665,
            43.996316
          ],
          [
            11.3706882,
            43.9963502
          ],
          [
            11.3707065,
            43.9963791
          ],
          [
            11.3707267,
            43.9964109
          ],
          [
            11.3707432,
            43.996437
          ],
          [
            11.3707612,
            43.9964653
          ],
          [
            11.3707793,
            43.9964938
          ],
          [
            11.3707982,
            43.9965236
          ],
          [
            11.3708157,
            43.9965513
          ],
          [
            11.3708357,
            43.9965828
          ],
          [
            11.3708552,
            43.9966135
          ],
          [
            11.3708767,
            43.9966475
          ],
          [
            11.370895,
            43.9966763
          ],
          [
            11.370913,
            43.9967046
          ],
          [
            11.3709335,
            43.996737
          ],
          [
            11.3709508,
            43.9967644
          ],
          [
            11.37097,
            43.9967946
          ],
          [
            11.3709856,
            43.9968191
          ],
          [
            11.371004,
            43.9968482
          ],
          [
            11.371024,
            43.9968797
          ],
          [
            11.3710407,
            43.9969061
          ],
          [
            11.3710616,
            43.9969391
          ],
          [
            11.3710797,
            43.9969676
          ],
          [
            11.3710995,
            43.9969988
          ],
          [
            11.3711202,
            43.9970315
          ],
          [
            11.3711391,
            43.9970612
          ],
          [
            11.3711588,
            43.9970924
          ],
          [
            11.3711758,
            43.9971191
          ],
          [
            11.3711978,
            43.9971537
          ],
          [
            11.3712183,
            43.9971862
          ],
          [
            11.3712352,
            43.9972128
          ],
          [
            11.3712534,
            43.9972414
          ],
          [
            11.3712713,
            43.9972697
          ],
          [
            11.3712896,
            43.9972986
          ],
          [
            11.371308,
            43.9973276
          ],
          [
            11.3713281,
            43.9973592
          ],
          [
            11.3713492,
            43.9973925
          ],
          [
            11.3713657,
            43.9974186
          ],
          [
            11.3713824,
            43.997445
          ],
          [
            11.3714021,
            43.9974759
          ],
          [
            11.3714209,
            43.9975057
          ],
          [
            11.3714373,
            43.9975315
          ],
          [
            11.3714614,
            43.9975694
          ],
          [
            11.3714907,
            43.9976157
          ],
          [
            11.3715126,
            43.9976502
          ],
          [
            11.3715335,
            43.9976832
          ],
          [
            11.3715518,
            43.997712
          ],
          [
            11.371571,
            43.9977423
          ],
          [
            11.3715899,
            43.9977722
          ],
          [
            11.3716086,
            43.9978016
          ]
        ]
      },
      "id": "way/612264999"
    },
    {
      "type": "Feature",
      "properties": {
        "@id": "way/612265011",
        "highway": "raceway",
        "oneway": "yes",
        "sport": "motor",
        "@relations": [
          {
            "role": "",
            "rel": 8487163,
            "reltags": {
              "highway": "raceway",
              "importance": "international",
              "name": "Autodromo Internazionale Mugello",
              "name:en": "Mugello Circuit",
              "name:it": "Autodromo Internazionale Mugello",
              "oneway": "yes",
              "sport": "motor",
              "surface": "asphalt",
              "type": "circuit",
              "wikidata": "Q782455",
              "wikimedia_commons": "Category:Autodromo Internazionale del Mugello",
              "wikipedia": "it:Autodromo internazionale del Mugello"
            }
          }
        ]
      },
      "geometry": {
        "type": "LineString",
        "coordinates": [
          [
            11.3683772,
            43.9961896
          ],
          [
            11.3684256,
            43.9963066
          ],
          [
            11.3684836,
            43.9964397
          ],
          [
            11.3685265,
            43.9965382
          ],
          [
            11.3685682,
            43.9966447
          ],
          [
            11.3685973,
            43.9967255
          ],
          [
            11.3686306,
            43.996805
          ],
          [
            11.3686626,
            43.9968825
          ],
          [
            11.3686894,
            43.9969544
          ],
          [
            11.3687206,
            43.9970286
          ],
          [
            11.3687551,
            43.9971154
          ],
          [
            11.3687834,
            43.9971872
          ],
          [
            11.3688114,
            43.9972604
          ],
          [
            11.3688412,
            43.9973401
          ],
          [
            11.3688765,
            43.9974421
          ],
          [
            11.3689126,
            43.9975393
          ],
          [
            11.3689463,
            43.9976264
          ],
          [
            11.3689765,
            43.9976986
          ],
          [
            11.3690121,
            43.9977902
          ],
          [
            11.3690438,
            43.9978718
          ],
          [
            11.3690719,
            43.9979494
          ],
          [
            11.3691108,
            43.9980498
          ],
          [
            11.3691485,
            43.9981444
          ],
          [
            11.3691806,
            43.9982179
          ],
          [
            11.3692143,
            43.998306
          ],
          [
            11.3692443,
            43.9983799
          ],
          [
            11.3692734,
            43.9984485
          ],
          [
            11.3692958,
            43.9985024
          ],
          [
            11.3693266,
            43.9985728
          ],
          [
            11.3693542,
            43.9986379
          ],
          [
            11.3693862,
            43.998704
          ],
          [
            11.3694299,
            43.9987958
          ]
        ]
      },
      "id": "way/612265011"
    },
    {
      "type": "Feature",
      "properties": {
        "@id": "way/612265016",
        "highway": "raceway",
        "name": "Curva Savelli",
        "oneway": "yes",
        "ref": "7",
        "short_name": "Savelli",
        "sport": "motor",
        "@relations": [
          {
            "role": "",
            "rel": 8487163,
            "reltags": {
              "highway": "raceway",
              "importance": "international",
              "name": "Autodromo Internazionale Mugello",
              "name:en": "Mugello Circuit",
              "name:it": "Autodromo Internazionale Mugello",
              "oneway": "yes",
              "sport": "motor",
              "surface": "asphalt",
              "type": "circuit",
              "wikidata": "Q782455",
              "wikimedia_commons": "Category:Autodromo Internazionale del Mugello",
              "wikipedia": "it:Autodromo internazionale del Mugello"
            }
          }
        ]
      },
      "geometry": {
        "type": "LineString",
        "coordinates": [
          [
            11.3713653,
            43.9940672
          ],
          [
            11.3713122,
            43.9940681
          ],
          [
            11.3712689,
            43.9940681
          ],
          [
            11.3712021,
            43.9940676
          ],
          [
            11.3711388,
            43.994067
          ],
          [
            11.3710912,
            43.9940671
          ],
          [
            11.3710523,
            43.9940644
          ],
          [
            11.3710157,
            43.9940611
          ],
          [
            11.3709835,
            43.9940601
          ],
          [
            11.3709495,
            43.9940557
          ],
          [
            11.3709142,
            43.9940497
          ],
          [
            11.3708866,
            43.9940459
          ],
          [
            11.37086,
            43.99404
          ],
          [
            11.3708316,
            43.9940364
          ],
          [
            11.3708036,
            43.9940296
          ],
          [
            11.370774,
            43.9940216
          ],
          [
            11.370745,
            43.9940146
          ],
          [
            11.3707126,
            43.9940068
          ],
          [
            11.3706798,
            43.9939951
          ],
          [
            11.3706433,
            43.9939849
          ],
          [
            11.3706085,
            43.9939712
          ],
          [
            11.3705708,
            43.9939568
          ],
          [
            11.3705385,
            43.9939415
          ],
          [
            11.3705049,
            43.9939244
          ],
          [
            11.370473,
            43.9939105
          ],
          [
            11.3704405,
            43.9938931
          ],
          [
            11.3704109,
            43.9938734
          ],
          [
            11.3703822,
            43.9938532
          ],
          [
            11.3703544,
            43.9938322
          ],
          [
            11.3703276,
            43.9938107
          ],
          [
            11.3703017,
            43.9937885
          ],
          [
            11.3702768,
            43.9937657
          ],
          [
            11.3702498,
            43.9937428
          ],
          [
            11.3702275,
            43.9937201
          ],
          [
            11.3702046,
            43.9936961
          ],
          [
            11.3701846,
            43.9936702
          ],
          [
            11.3701661,
            43.993646
          ],
          [
            11.3701471,
            43.9936199
          ],
          [
            11.3701282,
            43.9935941
          ],
          [
            11.3701028,
            43.9935632
          ],
          [
            11.3700772,
            43.9935266
          ]
        ]
      },
      "id": "way/612265016"
    },
    {
      "type": "Feature",
      "properties": {
        "@id": "way/612265020",
        "highway": "raceway",
        "name": "Curva Materassi",
        "oneway": "yes",
        "ref": "4",
        "short_name": "Materassi",
        "sport": "motor",
        "@relations": [
          {
            "role": "",
            "rel": 8487163,
            "reltags": {
              "highway": "raceway",
              "importance": "international",
              "name": "Autodromo Internazionale Mugello",
              "name:en": "Mugello Circuit",
              "name:it": "Autodromo Internazionale Mugello",
              "oneway": "yes",
              "sport": "motor",
              "surface": "asphalt",
              "type": "circuit",
              "wikidata": "Q782455",
              "wikimedia_commons": "Category:Autodromo Internazionale del Mugello",
              "wikipedia": "it:Autodromo internazionale del Mugello"
            }
          }
        ]
      },
      "geometry": {
        "type": "LineString",
        "coordinates": [
          [
            11.3749753,
            43.9977172
          ],
          [
            11.3749606,
            43.9977045
          ],
          [
            11.3749414,
            43.9976843
          ],
          [
            11.3749259,
            43.9976682
          ],
          [
            11.3749107,
            43.9976517
          ],
          [
            11.3748906,
            43.9976292
          ],
          [
            11.3748693,
            43.997606
          ],
          [
            11.3748514,
            43.9975856
          ],
          [
            11.3748321,
            43.997563
          ],
          [
            11.374817,
            43.9975414
          ],
          [
            11.3748042,
            43.9975177
          ],
          [
            11.3747964,
            43.9974931
          ],
          [
            11.3747913,
            43.9974666
          ],
          [
            11.3747885,
            43.9974423
          ],
          [
            11.3747882,
            43.9974174
          ],
          [
            11.3747873,
            43.9973932
          ],
          [
            11.3747853,
            43.9973682
          ],
          [
            11.3747866,
            43.9973448
          ],
          [
            11.3747903,
            43.9973197
          ],
          [
            11.3747915,
            43.9972911
          ],
          [
            11.3747999,
            43.997264
          ],
          [
            11.3748186,
            43.9972296
          ]
        ]
      },
      "id": "way/612265020"
    },
    {
      "type": "Feature",
      "properties": {
        "@id": "way/612265022",
        "highway": "raceway",
        "oneway": "yes",
        "sport": "motor",
        "@relations": [
          {
            "role": "",
            "rel": 8487163,
            "reltags": {
              "highway": "raceway",
              "importance": "international",
              "name": "Autodromo Internazionale Mugello",
              "name:en": "Mugello Circuit",
              "name:it": "Autodromo Internazionale Mugello",
              "oneway": "yes",
              "sport": "motor",
              "surface": "asphalt",
              "type": "circuit",
              "wikidata": "Q782455",
              "wikimedia_commons": "Category:Autodromo Internazionale del Mugello",
              "wikipedia": "it:Autodromo internazionale del Mugello"
            }
          }
        ]
      },
      "geometry": {
        "type": "LineString",
        "coordinates": [
          [
            11.3772821,
            44.0001401
          ],
          [
            11.3772546,
            44.0001081
          ],
          [
            11.3772291,
            44.0000814
          ],
          [
            11.3772043,
            44.0000544
          ],
          [
            11.377172,
            44.000021
          ],
          [
            11.3771353,
            43.9999849
          ],
          [
            11.3771012,
            43.999953
          ],
          [
            11.3770635,
            43.9999182
          ],
          [
            11.3770338,
            43.999889
          ],
          [
            11.3770047,
            43.999861
          ],
          [
            11.3769665,
            43.9998225
          ],
          [
            11.3769437,
            43.9997993
          ],
          [
            11.3769189,
            43.9997732
          ],
          [
            11.3768904,
            43.9997438
          ],
          [
            11.3768528,
            43.9997037
          ],
          [
            11.3768285,
            43.9996798
          ],
          [
            11.3767957,
            43.9996483
          ],
          [
            11.3767642,
            43.9996164
          ],
          [
            11.3767297,
            43.9995822
          ],
          [
            11.3767016,
            43.9995528
          ],
          [
            11.3766712,
            43.9995178
          ],
          [
            11.3766342,
            43.9994798
          ],
          [
            11.3766015,
            43.9994436
          ],
          [
            11.3765731,
            43.9994139
          ],
          [
            11.3765399,
            43.9993778
          ],
          [
            11.3765104,
            43.9993432
          ],
          [
            11.3764832,
            43.9993139
          ],
          [
            11.3764512,
            43.9992781
          ],
          [
            11.3764266,
            43.9992484
          ],
          [
            11.3763969,
            43.9992151
          ],
          [
            11.3763702,
            43.9991832
          ],
          [
            11.3763331,
            43.9991402
          ],
          [
            11.376304,
            43.9991092
          ],
          [
            11.3762758,
            43.9990769
          ],
          [
            11.3762482,
            43.999047
          ],
          [
            11.3762135,
            43.9990084
          ],
          [
            11.3761868,
            43.9989793
          ],
          [
            11.3761664,
            43.9989583
          ],
          [
            11.3761542,
            43.9989439
          ],
          [
            11.3761447,
            43.9989321
          ],
          [
            11.3761361,
            43.9989232
          ],
          [
            11.3761269,
            43.9989136
          ],
          [
            11.3761145,
            43.9988997
          ],
          [
            11.3761069,
            43.9988909
          ],
          [
            11.3760994,
            43.9988833
          ],
          [
            11.3760909,
            43.9988745
          ],
          [
            11.376084,
            43.9988666
          ],
          [
            11.3760777,
            43.9988601
          ],
          [
            11.3760686,
            43.998851
          ],
          [
            11.3760604,
            43.9988422
          ],
          [
            11.376051,
            43.9988325
          ],
          [
            11.3760428,
            43.9988247
          ],
          [
            11.3760344,
            43.9988158
          ],
          [
            11.376028,
            43.9988088
          ],
          [
            11.3760207,
            43.9988014
          ],
          [
            11.3760123,
            43.9987927
          ],
          [
            11.3760047,
            43.9987847
          ],
          [
            11.3759962,
            43.9987761
          ],
          [
            11.3759885,
            43.998768
          ],
          [
            11.3759805,
            43.9987598
          ],
          [
            11.375974,
            43.9987526
          ],
          [
            11.3759672,
            43.9987449
          ],
          [
            11.3759582,
            43.9987354
          ],
          [
            11.3759499,
            43.9987266
          ],
          [
            11.3759435,
            43.9987175
          ],
          [
            11.3759373,
            43.9987103
          ],
          [
            11.37593,
            43.9987034
          ],
          [
            11.3759252,
            43.9986968
          ],
          [
            11.3759179,
            43.9986882
          ],
          [
            11.3759091,
            43.9986788
          ],
          [
            11.3759019,
            43.9986707
          ],
          [
            11.3758917,
            43.9986611
          ],
          [
            11.3758844,
            43.9986535
          ],
          [
            11.375877,
            43.9986459
          ],
          [
            11.3758684,
            43.9986378
          ],
          [
            11.3758608,
            43.99863
          ],
          [
            11.3758522,
            43.9986215
          ],
          [
            11.3758448,
            43.998614
          ],
          [
            11.3758381,
            43.9986072
          ],
          [
            11.37583,
            43.9985987
          ],
          [
            11.3758225,
            43.9985909
          ],
          [
            11.3758146,
            43.9985821
          ],
          [
            11.3758064,
            43.9985734
          ],
          [
            11.3757996,
            43.998566
          ],
          [
            11.3757912,
            43.9985573
          ],
          [
            11.3757828,
            43.9985485
          ],
          [
            11.3757755,
            43.9985396
          ],
          [
            11.3757666,
            43.9985313
          ],
          [
            11.3757589,
            43.9985232
          ],
          [
            11.3757515,
            43.9985153
          ],
          [
            11.3757441,
            43.9985073
          ],
          [
            11.3757364,
            43.9984992
          ],
          [
            11.3757276,
            43.9984908
          ],
          [
            11.3757189,
            43.998483
          ],
          [
            11.37571,
            43.9984736
          ],
          [
            11.3757037,
            43.9984672
          ],
          [
            11.3756972,
            43.9984597
          ],
          [
            11.3756902,
            43.9984521
          ],
          [
            11.3756829,
            43.998444
          ],
          [
            11.3756759,
            43.9984356
          ],
          [
            11.3756681,
            43.9984279
          ],
          [
            11.3756601,
            43.9984192
          ],
          [
            11.3756527,
            43.9984108
          ],
          [
            11.3756454,
            43.9984036
          ],
          [
            11.3756403,
            43.9983957
          ],
          [
            11.3756335,
            43.9983879
          ],
          [
            11.3756229,
            43.9983787
          ],
          [
            11.3756153,
            43.9983698
          ],
          [
            11.3756081,
            43.9983628
          ],
          [
            11.3756006,
            43.9983559
          ],
          [
            11.3755919,
            43.9983457
          ],
          [
            11.3755852,
            43.9983393
          ],
          [
            11.3755767,
            43.9983311
          ],
          [
            11.3755685,
            43.9983225
          ],
          [
            11.3755613,
            43.9983146
          ],
          [
            11.3755524,
            43.9983067
          ],
          [
            11.3755455,
            43.9983007
          ],
          [
            11.3755368,
            43.9982924
          ],
          [
            11.3755286,
            43.9982839
          ],
          [
            11.3755196,
            43.9982744
          ],
          [
            11.3755113,
            43.9982671
          ],
          [
            11.3755028,
            43.9982593
          ],
          [
            11.3754942,
            43.9982497
          ],
          [
            11.3754863,
            43.9982423
          ],
          [
            11.3754786,
            43.9982348
          ],
          [
            11.3754727,
            43.9982285
          ],
          [
            11.3754653,
            43.9982207
          ],
          [
            11.3754581,
            43.9982133
          ],
          [
            11.3754489,
            43.9982033
          ],
          [
            11.3754422,
            43.9981958
          ],
          [
            11.3754304,
            43.9981831
          ],
          [
            11.3754181,
            43.9981715
          ],
          [
            11.3754045,
            43.9981588
          ],
          [
            11.3753924,
            43.9981479
          ],
          [
            11.375381,
            43.998136
          ],
          [
            11.3753703,
            43.9981247
          ],
          [
            11.3753574,
            43.9981112
          ],
          [
            11.3753487,
            43.9981022
          ],
          [
            11.3753362,
            43.9980891
          ],
          [
            11.3753256,
            43.9980779
          ],
          [
            11.3753154,
            43.9980673
          ],
          [
            11.3753051,
            43.9980565
          ],
          [
            11.3752938,
            43.9980447
          ],
          [
            11.3752869,
            43.9980375
          ],
          [
            11.3752805,
            43.9980307
          ],
          [
            11.3752694,
            43.9980191
          ],
          [
            11.3752575,
            43.9980066
          ],
          [
            11.3752459,
            43.9979945
          ],
          [
            11.3752361,
            43.9979842
          ],
          [
            11.3752239,
            43.9979715
          ],
          [
            11.375213,
            43.99796
          ],
          [
            11.3752008,
            43.9979473
          ],
          [
            11.3751911,
            43.9979371
          ],
          [
            11.3751807,
            43.9979262
          ],
          [
            11.3751703,
            43.9979153
          ],
          [
            11.3751566,
            43.997901
          ],
          [
            11.3751448,
            43.9978887
          ],
          [
            11.3751349,
            43.9978783
          ],
          [
            11.3751216,
            43.9978644
          ],
          [
            11.3751093,
            43.9978515
          ],
          [
            11.3750991,
            43.9978408
          ],
          [
            11.3750886,
            43.9978299
          ],
          [
            11.3750768,
            43.9978174
          ],
          [
            11.3750659,
            43.9978061
          ],
          [
            11.3750531,
            43.9977927
          ],
          [
            11.3750431,
            43.9977821
          ],
          [
            11.3750314,
            43.9977699
          ],
          [
            11.3750217,
            43.9977598
          ],
          [
            11.3750132,
            43.9977508
          ],
          [
            11.3750023,
            43.9977405
          ],
          [
            11.3749901,
            43.9977294
          ],
          [
            11.3749753,
            43.9977172
          ]
        ]
      },
      "id": "way/612265022"
    },
    {
      "type": "Feature",
      "properties": {
        "@id": "way/612265023",
        "highway": "raceway",
        "name": "Curva Poggio Secco",
        "oneway": "yes",
        "ref": "3",
        "short_name": "Poggio Secco",
        "sport": "motor",
        "@relations": [
          {
            "role": "",
            "rel": 8487163,
            "reltags": {
              "highway": "raceway",
              "importance": "international",
              "name": "Autodromo Internazionale Mugello",
              "name:en": "Mugello Circuit",
              "name:it": "Autodromo Internazionale Mugello",
              "oneway": "yes",
              "sport": "motor",
              "surface": "asphalt",
              "type": "circuit",
              "wikidata": "Q782455",
              "wikimedia_commons": "Category:Autodromo Internazionale del Mugello",
              "wikipedia": "it:Autodromo internazionale del Mugello"
            }
          }
        ]
      },
      "geometry": {
        "type": "LineString",
        "coordinates": [
          [
            11.3769165,
            44.0008832
          ],
          [
            11.3769652,
            44.0008603
          ],
          [
            11.376999,
            44.0008418
          ],
          [
            11.3770284,
            44.0008215
          ],
          [
            11.3770588,
            44.0007987
          ],
          [
            11.3770888,
            44.0007742
          ],
          [
            11.3771206,
            44.0007504
          ],
          [
            11.3771468,
            44.000728
          ],
          [
            11.3771693,
            44.0007057
          ],
          [
            11.3771913,
            44.0006841
          ],
          [
            11.3772081,
            44.0006669
          ],
          [
            11.3772203,
            44.0006533
          ],
          [
            11.3772403,
            44.0006258
          ],
          [
            11.3772585,
            44.0005947
          ],
          [
            11.3772749,
            44.0005669
          ],
          [
            11.3772929,
            44.0005378
          ],
          [
            11.3773027,
            44.0005138
          ],
          [
            11.377314,
            44.0004863
          ],
          [
            11.3773255,
            44.0004538
          ],
          [
            11.3773341,
            44.0004151
          ],
          [
            11.3773366,
            44.00038
          ],
          [
            11.3773392,
            44.0003526
          ],
          [
            11.3773386,
            44.0003211
          ],
          [
            11.3773366,
            44.0002926
          ],
          [
            11.3773348,
            44.0002628
          ],
          [
            11.3773301,
            44.000238
          ],
          [
            11.3773216,
            44.000209
          ],
          [
            11.3773093,
            44.0001782
          ],
          [
            11.3772821,
            44.0001401
          ]
        ]
      },
      "id": "way/612265023"
    },
    {
      "type": "Feature",
      "properties": {
        "@id": "way/612265032",
        "highway": "raceway",
        "oneway": "yes",
        "sport": "motor",
        "@relations": [
          {
            "role": "",
            "rel": 8487163,
            "reltags": {
              "highway": "raceway",
              "importance": "international",
              "name": "Autodromo Internazionale Mugello",
              "name:en": "Mugello Circuit",
              "name:it": "Autodromo Internazionale Mugello",
              "oneway": "yes",
              "sport": "motor",
              "surface": "asphalt",
              "type": "circuit",
              "wikidata": "Q782455",
              "wikimedia_commons": "Category:Autodromo Internazionale del Mugello",
              "wikipedia": "it:Autodromo internazionale del Mugello"
            }
          }
        ]
      },
      "geometry": {
        "type": "LineString",
        "coordinates": [
          [
            11.3706617,
            43.9981824
          ],
          [
            11.370631,
            43.998154
          ],
          [
            11.3705862,
            43.9981126
          ],
          [
            11.3705397,
            43.9980696
          ],
          [
            11.370498,
            43.9980311
          ],
          [
            11.3704539,
            43.9979904
          ],
          [
            11.3704199,
            43.9979588
          ],
          [
            11.3703766,
            43.9979189
          ],
          [
            11.3703401,
            43.9978851
          ],
          [
            11.3703015,
            43.9978494
          ],
          [
            11.3702597,
            43.9978108
          ],
          [
            11.3702174,
            43.9977716
          ],
          [
            11.3701764,
            43.9977338
          ],
          [
            11.3701368,
            43.9976971
          ],
          [
            11.3700926,
            43.9976563
          ],
          [
            11.3700557,
            43.9976222
          ],
          [
            11.3700136,
            43.9975832
          ],
          [
            11.3699718,
            43.9975446
          ],
          [
            11.369937,
            43.9975124
          ]
        ]
      },
      "id": "way/612265032"
    },
    {
      "type": "Feature",
      "properties": {
        "@id": "way/612265034",
        "highway": "raceway",
        "name": "Curva Correntaio",
        "oneway": "yes",
        "ref": "12",
        "short_name": "Correntaio",
        "sport": "motor",
        "@relations": [
          {
            "role": "",
            "rel": 8487163,
            "reltags": {
              "highway": "raceway",
              "importance": "international",
              "name": "Autodromo Internazionale Mugello",
              "name:en": "Mugello Circuit",
              "name:it": "Autodromo Internazionale Mugello",
              "oneway": "yes",
              "sport": "motor",
              "surface": "asphalt",
              "type": "circuit",
              "wikidata": "Q782455",
              "wikimedia_commons": "Category:Autodromo Internazionale del Mugello",
              "wikipedia": "it:Autodromo internazionale del Mugello"
            }
          }
        ]
      },
      "geometry": {
        "type": "LineString",
        "coordinates": [
          [
            11.3694299,
            43.9987958
          ],
          [
            11.3694705,
            43.9988745
          ],
          [
            11.3694843,
            43.9989033
          ],
          [
            11.3695016,
            43.9989316
          ],
          [
            11.369516,
            43.9989576
          ],
          [
            11.3695346,
            43.9989805
          ],
          [
            11.3695468,
            43.9989984
          ],
          [
            11.3695748,
            43.9990261
          ],
          [
            11.369599,
            43.9990474
          ],
          [
            11.3696165,
            43.9990706
          ],
          [
            11.3696435,
            43.9990899
          ],
          [
            11.3696719,
            43.9991117
          ],
          [
            11.3696972,
            43.99913
          ],
          [
            11.3697237,
            43.9991502
          ],
          [
            11.3697514,
            43.9991694
          ],
          [
            11.3697803,
            43.9991878
          ],
          [
            11.3698121,
            43.9992046
          ],
          [
            11.369845,
            43.9992204
          ],
          [
            11.369877,
            43.9992332
          ],
          [
            11.3699154,
            43.9992483
          ],
          [
            11.3699492,
            43.9992616
          ],
          [
            11.3699856,
            43.9992712
          ],
          [
            11.3700138,
            43.9992771
          ],
          [
            11.3700498,
            43.9992857
          ],
          [
            11.370092,
            43.999294
          ],
          [
            11.370133,
            43.9992994
          ],
          [
            11.3701555,
            43.9993025
          ],
          [
            11.3701846,
            43.9993051
          ],
          [
            11.3702157,
            43.9993073
          ],
          [
            11.370247,
            43.9993098
          ],
          [
            11.3702828,
            43.9993079
          ],
          [
            11.3703178,
            43.9993068
          ],
          [
            11.3703491,
            43.9993028
          ],
          [
            11.3703829,
            43.9992977
          ],
          [
            11.3704166,
            43.9992915
          ],
          [
            11.3704473,
            43.9992843
          ],
          [
            11.370475,
            43.9992761
          ],
          [
            11.3705041,
            43.9992674
          ],
          [
            11.370539,
            43.9992551
          ],
          [
            11.3705663,
            43.9992463
          ],
          [
            11.370592,
            43.9992353
          ],
          [
            11.3706171,
            43.9992245
          ],
          [
            11.3706451,
            43.9992122
          ],
          [
            11.3706813,
            43.9991944
          ],
          [
            11.370706,
            43.9991795
          ],
          [
            11.3707342,
            43.9991652
          ],
          [
            11.3707597,
            43.9991486
          ],
          [
            11.3707824,
            43.999132
          ],
          [
            11.3708041,
            43.9991126
          ],
          [
            11.3708283,
            43.9990878
          ],
          [
            11.3708496,
            43.9990611
          ],
          [
            11.3708706,
            43.9990272
          ],
          [
            11.3708931,
            43.9989908
          ],
          [
            11.3709126,
            43.9989628
          ],
          [
            11.3709265,
            43.9989279
          ],
          [
            11.3709391,
            43.9988967
          ],
          [
            11.3709477,
            43.9988624
          ],
          [
            11.3709502,
            43.9988324
          ],
          [
            11.3709541,
            43.9988059
          ],
          [
            11.3709547,
            43.9987771
          ],
          [
            11.3709566,
            43.9987467
          ],
          [
            11.3709552,
            43.9987188
          ],
          [
            11.3709522,
            43.99869
          ],
          [
            11.3709482,
            43.9986609
          ],
          [
            11.370943,
            43.9986342
          ],
          [
            11.3709362,
            43.9986076
          ],
          [
            11.3709278,
            43.9985824
          ],
          [
            11.370918,
            43.9985566
          ],
          [
            11.3709066,
            43.9985277
          ],
          [
            11.3708949,
            43.9985043
          ],
          [
            11.3708829,
            43.99848
          ],
          [
            11.3708677,
            43.9984534
          ],
          [
            11.3708555,
            43.9984284
          ],
          [
            11.3708382,
            43.9983984
          ],
          [
            11.3708149,
            43.9983648
          ],
          [
            11.3707956,
            43.9983362
          ],
          [
            11.3707776,
            43.9983112
          ],
          [
            11.3707591,
            43.998288
          ],
          [
            11.3707429,
            43.9982671
          ],
          [
            11.3707226,
            43.9982448
          ],
          [
            11.3707001,
            43.9982205
          ],
          [
            11.3706617,
            43.9981824
          ]
        ]
      },
      "id": "way/612265034"
    },
    {
      "type": "Feature",
      "properties": {
        "@id": "way/612265024",
        "highway": "raceway",
        "name": "Curva Luco",
        "oneway": "yes",
        "ref": "2",
        "short_name": "Luco",
        "sport": "motor",
        "@relations": [
          {
            "role": "",
            "rel": 8487163,
            "reltags": {
              "highway": "raceway",
              "importance": "international",
              "name": "Autodromo Internazionale Mugello",
              "name:en": "Mugello Circuit",
              "name:it": "Autodromo Internazionale Mugello",
              "oneway": "yes",
              "sport": "motor",
              "surface": "asphalt",
              "type": "circuit",
              "wikidata": "Q782455",
              "wikimedia_commons": "Category:Autodromo Internazionale del Mugello",
              "wikipedia": "it:Autodromo internazionale del Mugello"
            }
          }
        ]
      },
      "geometry": {
        "type": "LineString",
        "coordinates": [
          [
            11.3761117,
            44.0016936
          ],
          [
            11.3760933,
            44.001651
          ],
          [
            11.3760818,
            44.001626
          ],
          [
            11.3760716,
            44.0015992
          ],
          [
            11.3760638,
            44.0015754
          ],
          [
            11.3760536,
            44.0015483
          ],
          [
            11.376048,
            44.0015251
          ],
          [
            11.3760439,
            44.0015031
          ],
          [
            11.3760405,
            44.0014798
          ],
          [
            11.3760387,
            44.0014507
          ],
          [
            11.376042,
            44.0014247
          ],
          [
            11.3760506,
            44.0013999
          ],
          [
            11.3760604,
            44.0013735
          ],
          [
            11.3760716,
            44.001354
          ],
          [
            11.3760847,
            44.0013318
          ],
          [
            11.3761089,
            44.0013014
          ],
          [
            11.3761318,
            44.0012735
          ],
          [
            11.3761565,
            44.0012489
          ],
          [
            11.3761845,
            44.0012254
          ],
          [
            11.3762244,
            44.0011998
          ],
          [
            11.3762816,
            44.0011716
          ]
        ]
      },
      "id": "way/612265024"
    },
    {
      "type": "Feature",
      "properties": {
        "@id": "way/612265025",
        "highway": "raceway",
        "oneway": "yes",
        "sport": "motor",
        "@relations": [
          {
            "role": "",
            "rel": 8487163,
            "reltags": {
              "highway": "raceway",
              "importance": "international",
              "name": "Autodromo Internazionale Mugello",
              "name:en": "Mugello Circuit",
              "name:it": "Autodromo Internazionale Mugello",
              "oneway": "yes",
              "sport": "motor",
              "surface": "asphalt",
              "type": "circuit",
              "wikidata": "Q782455",
              "wikimedia_commons": "Category:Autodromo Internazionale del Mugello",
              "wikipedia": "it:Autodromo internazionale del Mugello"
            }
          }
        ]
      },
      "geometry": {
        "type": "LineString",
        "coordinates": [
          [
            11.3762816,
            44.0011716
          ],
          [
            11.3763121,
            44.0011577
          ],
          [
            11.3763491,
            44.0011409
          ],
          [
            11.3763798,
            44.001127
          ],
          [
            11.3764061,
            44.0011151
          ],
          [
            11.3764381,
            44.0011005
          ],
          [
            11.3764646,
            44.0010885
          ],
          [
            11.3764967,
            44.0010739
          ],
          [
            11.3765249,
            44.0010611
          ],
          [
            11.3765531,
            44.0010482
          ],
          [
            11.3765812,
            44.0010355
          ],
          [
            11.3766065,
            44.001024
          ],
          [
            11.3766371,
            44.0010101
          ],
          [
            11.3766649,
            44.0009975
          ],
          [
            11.376694,
            44.0009842
          ],
          [
            11.3767225,
            44.0009713
          ],
          [
            11.3767494,
            44.0009591
          ],
          [
            11.3767775,
            44.0009463
          ],
          [
            11.3768024,
            44.000935
          ],
          [
            11.376836,
            44.0009197
          ],
          [
            11.3768639,
            44.0009071
          ],
          [
            11.3768839,
            44.000898
          ],
          [
            11.3769165,
            44.0008832
          ]
        ]
      },
      "id": "way/612265025"
    },
    {
      "type": "Feature",
      "properties": {
        "@id": "way/612265026",
        "highway": "raceway",
        "oneway": "yes",
        "sport": "motor",
        "@relations": [
          {
            "role": "",
            "rel": 8487163,
            "reltags": {
              "highway": "raceway",
              "importance": "international",
              "name": "Autodromo Internazionale Mugello",
              "name:en": "Mugello Circuit",
              "name:it": "Autodromo Internazionale Mugello",
              "oneway": "yes",
              "sport": "motor",
              "surface": "asphalt",
              "type": "circuit",
              "wikidata": "Q782455",
              "wikimedia_commons": "Category:Autodromo Internazionale del Mugello",
              "wikipedia": "it:Autodromo internazionale del Mugello"
            }
          }
        ]
      },
      "geometry": {
        "type": "LineString",
        "coordinates": [
          [
            11.3763999,
            44.0024878
          ],
          [
            11.3763934,
            44.0024669
          ],
          [
            11.3763876,
            44.0024456
          ],
          [
            11.376382,
            44.0024237
          ],
          [
            11.376376,
            44.0024019
          ],
          [
            11.3763712,
            44.0023837
          ],
          [
            11.3763642,
            44.0023609
          ],
          [
            11.3763584,
            44.0023428
          ],
          [
            11.376352,
            44.0023261
          ],
          [
            11.3763457,
            44.0023084
          ],
          [
            11.3763407,
            44.0022949
          ],
          [
            11.3763367,
            44.002278
          ],
          [
            11.3763323,
            44.0022621
          ],
          [
            11.3763284,
            44.0022496
          ],
          [
            11.3763249,
            44.0022369
          ],
          [
            11.3763206,
            44.0022211
          ],
          [
            11.376316,
            44.0022028
          ],
          [
            11.3763122,
            44.0021899
          ],
          [
            11.3763087,
            44.0021712
          ],
          [
            11.3763034,
            44.0021539
          ],
          [
            11.3762958,
            44.002134
          ],
          [
            11.3762891,
            44.0021151
          ],
          [
            11.3762819,
            44.0020953
          ],
          [
            11.3762725,
            44.0020744
          ],
          [
            11.3762647,
            44.0020552
          ],
          [
            11.3762536,
            44.0020296
          ],
          [
            11.3762429,
            44.002006
          ],
          [
            11.3762333,
            44.0019864
          ],
          [
            11.3762215,
            44.0019614
          ],
          [
            11.3762123,
            44.0019405
          ],
          [
            11.3762058,
            44.0019214
          ],
          [
            11.376196,
            44.0018984
          ],
          [
            11.3761845,
            44.0018711
          ],
          [
            11.3761761,
            44.0018506
          ],
          [
            11.3761672,
            44.0018317
          ],
          [
            11.376159,
            44.0018129
          ],
          [
            11.3761498,
            44.001792
          ],
          [
            11.3761426,
            44.0017715
          ],
          [
            11.3761308,
            44.0017469
          ],
          [
            11.3761229,
            44.0017248
          ],
          [
            11.3761164,
            44.0017067
          ],
          [
            11.3761117,
            44.0016936
          ]
        ]
      },
      "id": "way/612265026"
    },
    {
      "type": "Feature",
      "properties": {
        "@id": "way/612265027",
        "highway": "raceway",
        "name": "Curva San Donato",
        "oneway": "yes",
        "ref": "1",
        "short_name": "San Donato",
        "sport": "motor",
        "@relations": [
          {
            "role": "",
            "rel": 8487163,
            "reltags": {
              "highway": "raceway",
              "importance": "international",
              "name": "Autodromo Internazionale Mugello",
              "name:en": "Mugello Circuit",
              "name:it": "Autodromo Internazionale Mugello",
              "oneway": "yes",
              "sport": "motor",
              "surface": "asphalt",
              "type": "circuit",
              "wikidata": "Q782455",
              "wikimedia_commons": "Category:Autodromo Internazionale del Mugello",
              "wikipedia": "it:Autodromo internazionale del Mugello"
            }
          }
        ]
      },
      "geometry": {
        "type": "LineString",
        "coordinates": [
          [
            11.3749736,
            44.00286
          ],
          [
            11.3749979,
            44.0029025
          ],
          [
            11.3750192,
            44.0029349
          ],
          [
            11.375041,
            44.0029688
          ],
          [
            11.3750624,
            44.0029988
          ],
          [
            11.3750879,
            44.0030245
          ],
          [
            11.3751146,
            44.0030555
          ],
          [
            11.3751382,
            44.0030779
          ],
          [
            11.3751654,
            44.0031021
          ],
          [
            11.3752037,
            44.0031291
          ],
          [
            11.3752391,
            44.0031485
          ],
          [
            11.3752739,
            44.0031681
          ],
          [
            11.3753138,
            44.0031874
          ],
          [
            11.3753585,
            44.0032072
          ],
          [
            11.375399,
            44.0032191
          ],
          [
            11.3754409,
            44.0032296
          ],
          [
            11.3754839,
            44.0032367
          ],
          [
            11.3755247,
            44.0032417
          ],
          [
            11.3755625,
            44.003245
          ],
          [
            11.375601,
            44.0032463
          ],
          [
            11.3756508,
            44.0032454
          ],
          [
            11.3756939,
            44.0032424
          ],
          [
            11.375731,
            44.003237
          ],
          [
            11.3757667,
            44.0032314
          ],
          [
            11.3758003,
            44.0032244
          ],
          [
            11.3758332,
            44.0032169
          ],
          [
            11.3758612,
            44.0032103
          ],
          [
            11.3758965,
            44.0032004
          ],
          [
            11.3759244,
            44.003191
          ],
          [
            11.3759571,
            44.0031789
          ],
          [
            11.3759821,
            44.0031685
          ],
          [
            11.3760065,
            44.0031568
          ],
          [
            11.3760316,
            44.0031448
          ],
          [
            11.376058,
            44.0031301
          ],
          [
            11.3760785,
            44.0031181
          ],
          [
            11.3760995,
            44.0031035
          ],
          [
            11.3761171,
            44.0030915
          ],
          [
            11.3761363,
            44.0030759
          ],
          [
            11.3761573,
            44.0030596
          ],
          [
            11.3761728,
            44.0030472
          ],
          [
            11.376193,
            44.0030286
          ],
          [
            11.3762103,
            44.0030122
          ],
          [
            11.3762278,
            44.0029951
          ],
          [
            11.3762461,
            44.0029789
          ],
          [
            11.376262,
            44.0029617
          ],
          [
            11.3762759,
            44.0029445
          ],
          [
            11.3762913,
            44.0029274
          ],
          [
            11.3763087,
            44.0029029
          ],
          [
            11.3763247,
            44.0028817
          ],
          [
            11.3763345,
            44.0028629
          ],
          [
            11.3763436,
            44.0028485
          ],
          [
            11.3763535,
            44.0028318
          ],
          [
            11.3763608,
            44.0028157
          ],
          [
            11.3763699,
            44.002798
          ],
          [
            11.3763792,
            44.002777
          ],
          [
            11.3763875,
            44.0027567
          ],
          [
            11.3763929,
            44.0027386
          ],
          [
            11.3763979,
            44.0027209
          ],
          [
            11.3764026,
            44.0027013
          ],
          [
            11.3764048,
            44.0026803
          ],
          [
            11.3764069,
            44.0026615
          ],
          [
            11.3764091,
            44.00264
          ],
          [
            11.3764091,
            44.0026176
          ],
          [
            11.3764093,
            44.0025985
          ],
          [
            11.3764084,
            44.0025813
          ],
          [
            11.3764079,
            44.0025597
          ],
          [
            11.3764077,
            44.00254
          ],
          [
            11.3764045,
            44.0025167
          ],
          [
            11.3763999,
            44.0024878
          ]
        ]
      },
      "id": "way/612265027"
    },
    {
      "type": "Feature",
      "properties": {
        "@id": "way/612265028",
        "highway": "raceway",
        "oneway": "yes",
        "sport": "motor",
        "@relations": [
          {
            "role": "",
            "rel": 8487163,
            "reltags": {
              "highway": "raceway",
              "importance": "international",
              "name": "Autodromo Internazionale Mugello",
              "name:en": "Mugello Circuit",
              "name:it": "Autodromo Internazionale Mugello",
              "oneway": "yes",
              "sport": "motor",
              "surface": "asphalt",
              "type": "circuit",
              "wikidata": "Q782455",
              "wikimedia_commons": "Category:Autodromo Internazionale del Mugello",
              "wikipedia": "it:Autodromo internazionale del Mugello"
            }
          }
        ]
      },
      "geometry": {
        "type": "LineString",
        "coordinates": [
          [
            11.3716086,
            43.9978016
          ],
          [
            11.3716239,
            43.9978405
          ],
          [
            11.3716479,
            43.9978762
          ],
          [
            11.3716702,
            43.9979108
          ],
          [
            11.3716958,
            43.9979537
          ],
          [
            11.3717214,
            43.9979985
          ],
          [
            11.3717419,
            43.9980398
          ],
          [
            11.3717672,
            43.9980809
          ],
          [
            11.371785,
            43.998112
          ],
          [
            11.371802,
            43.9981392
          ],
          [
            11.3718218,
            43.9981719
          ],
          [
            11.3718426,
            43.9982067
          ],
          [
            11.3718631,
            43.9982366
          ],
          [
            11.3718805,
            43.998265
          ],
          [
            11.3718994,
            43.9982958
          ],
          [
            11.3719193,
            43.9983279
          ],
          [
            11.3719372,
            43.9983565
          ],
          [
            11.3719567,
            43.9983882
          ],
          [
            11.3719776,
            43.9984217
          ],
          [
            11.3719987,
            43.9984526
          ],
          [
            11.3720222,
            43.9984863
          ],
          [
            11.3720446,
            43.998522
          ],
          [
            11.3720668,
            43.9985585
          ],
          [
            11.3720879,
            43.9985911
          ],
          [
            11.3721109,
            43.9986227
          ],
          [
            11.3721302,
            43.9986508
          ],
          [
            11.3721475,
            43.998677
          ],
          [
            11.3721649,
            43.998699
          ],
          [
            11.3721793,
            43.9987284
          ],
          [
            11.3721979,
            43.998755
          ],
          [
            11.3722273,
            43.9987977
          ],
          [
            11.3722586,
            43.9988435
          ],
          [
            11.3722793,
            43.9988715
          ],
          [
            11.3722965,
            43.9988949
          ],
          [
            11.3723151,
            43.9989202
          ],
          [
            11.37233,
            43.9989405
          ],
          [
            11.3723484,
            43.9989654
          ],
          [
            11.3723671,
            43.9989908
          ],
          [
            11.3723841,
            43.9990139
          ],
          [
            11.372404,
            43.9990409
          ],
          [
            11.3724239,
            43.999068
          ],
          [
            11.3724408,
            43.9990908
          ],
          [
            11.3724583,
            43.9991147
          ],
          [
            11.3724789,
            43.9991426
          ],
          [
            11.3724989,
            43.9991698
          ],
          [
            11.3725156,
            43.9991924
          ],
          [
            11.3725341,
            43.9992176
          ],
          [
            11.3725538,
            43.9992443
          ],
          [
            11.3725746,
            43.9992726
          ],
          [
            11.3725931,
            43.9992977
          ],
          [
            11.372611,
            43.999322
          ],
          [
            11.3726317,
            43.9993502
          ],
          [
            11.372652,
            43.9993776
          ],
          [
            11.3726718,
            43.9994046
          ],
          [
            11.3726847,
            43.9994221
          ],
          [
            11.3727048,
            43.9994494
          ],
          [
            11.3727249,
            43.9994767
          ],
          [
            11.3727435,
            43.9995019
          ],
          [
            11.3727623,
            43.9995275
          ],
          [
            11.3727778,
            43.9995485
          ],
          [
            11.3727959,
            43.9995713
          ],
          [
            11.3728134,
            43.9995933
          ],
          [
            11.372832,
            43.9996168
          ],
          [
            11.3728471,
            43.9996359
          ],
          [
            11.3728693,
            43.9996638
          ],
          [
            11.3728885,
            43.9996881
          ],
          [
            11.3729117,
            43.9997172
          ],
          [
            11.3729295,
            43.9997397
          ],
          [
            11.3729478,
            43.9997628
          ],
          [
            11.37297,
            43.9997908
          ],
          [
            11.3729869,
            43.999812
          ],
          [
            11.373025,
            43.99986
          ],
          [
            11.373046,
            43.9998865
          ],
          [
            11.3730844,
            43.9999349
          ],
          [
            11.3731018,
            43.9999569
          ],
          [
            11.3731223,
            43.9999826
          ],
          [
            11.3731415,
            44.0000068
          ],
          [
            11.373159,
            44.0000289
          ],
          [
            11.3731793,
            44.0000545
          ],
          [
            11.3731986,
            44.0000789
          ],
          [
            11.3732188,
            44.0001043
          ],
          [
            11.3732393,
            44.0001301
          ],
          [
            11.3732611,
            44.0001575
          ],
          [
            11.3732796,
            44.0001808
          ],
          [
            11.3733003,
            44.000207
          ],
          [
            11.3733194,
            44.000231
          ],
          [
            11.3733335,
            44.0002488
          ],
          [
            11.3733571,
            44.0002785
          ],
          [
            11.3733771,
            44.0003037
          ],
          [
            11.3733997,
            44.0003322
          ],
          [
            11.3734224,
            44.0003608
          ],
          [
            11.3734397,
            44.0003826
          ],
          [
            11.3734714,
            44.0004226
          ],
          [
            11.3734925,
            44.0004492
          ],
          [
            11.3735117,
            44.0004734
          ],
          [
            11.3735343,
            44.0005019
          ],
          [
            11.3735524,
            44.0005247
          ],
          [
            11.3735694,
            44.0005461
          ],
          [
            11.3735935,
            44.0005765
          ],
          [
            11.3736116,
            44.0005992
          ],
          [
            11.3736383,
            44.0006329
          ],
          [
            11.3736574,
            44.000657
          ],
          [
            11.3736791,
            44.0006843
          ],
          [
            11.3736958,
            44.0007054
          ],
          [
            11.3737194,
            44.0007351
          ],
          [
            11.3737391,
            44.0007599
          ],
          [
            11.3737551,
            44.0007801
          ],
          [
            11.3737824,
            44.0008145
          ],
          [
            11.373798,
            44.0008341
          ],
          [
            11.3738213,
            44.0008635
          ],
          [
            11.3738406,
            44.0008941
          ],
          [
            11.3738587,
            44.0009227
          ],
          [
            11.3738738,
            44.0009466
          ],
          [
            11.3738901,
            44.0009725
          ],
          [
            11.3739242,
            44.0010266
          ],
          [
            11.3739381,
            44.0010485
          ],
          [
            11.3739488,
            44.0010655
          ],
          [
            11.3739688,
            44.0010979
          ],
          [
            11.3739953,
            44.001141
          ],
          [
            11.3740224,
            44.0011849
          ],
          [
            11.3740474,
            44.0012255
          ],
          [
            11.3740731,
            44.0012674
          ],
          [
            11.3741012,
            44.001313
          ],
          [
            11.3741309,
            44.0013612
          ],
          [
            11.3741556,
            44.0014013
          ],
          [
            11.3741855,
            44.0014499
          ],
          [
            11.3742155,
            44.0014986
          ],
          [
            11.3742488,
            44.0015527
          ],
          [
            11.3742757,
            44.0015963
          ],
          [
            11.3743016,
            44.0016383
          ],
          [
            11.3743269,
            44.0016794
          ],
          [
            11.3743488,
            44.001715
          ],
          [
            11.3743703,
            44.0017584
          ],
          [
            11.3743892,
            44.0017929
          ],
          [
            11.3744087,
            44.0018286
          ],
          [
            11.3744339,
            44.0018745
          ],
          [
            11.3744566,
            44.001916
          ],
          [
            11.3744812,
            44.0019609
          ],
          [
            11.3745087,
            44.0020111
          ],
          [
            11.3745367,
            44.0020622
          ],
          [
            11.374571,
            44.0021248
          ],
          [
            11.3746029,
            44.0021831
          ],
          [
            11.374628,
            44.0022289
          ],
          [
            11.3746619,
            44.0022908
          ],
          [
            11.3746869,
            44.0023365
          ],
          [
            11.3747145,
            44.0023869
          ],
          [
            11.3747483,
            44.0024486
          ],
          [
            11.3747795,
            44.0025056
          ],
          [
            11.3748069,
            44.0025556
          ],
          [
            11.3748365,
            44.0026096
          ],
          [
            11.3748671,
            44.0026654
          ],
          [
            11.3748921,
            44.0027112
          ],
          [
            11.3749204,
            44.0027628
          ],
          [
            11.3749463,
            44.0028101
          ],
          [
            11.3749736,
            44.00286
          ]
        ]
      },
      "id": "way/612265028"
    }
    
  ]
}